Run,Assay Type,AvgSpotLen,Bases,BioProject,BioSample,Bytes,cell_type,Center Name,Consent,DATASTORE filetype,DATASTORE provider,DATASTORE region,days_of_sample_collection_since_enrolled,disease_state,Experiment,GEO_Accession (exp),Instrument,library_index,LibraryLayout,LibrarySelection,LibrarySource,Organism,Patient_ID,Platform,ReleaseDate,create_date,version,Sample_id,Sample Name,sex,source_name,SRA Study
SRR14150946,RNA-Seq,125,7029336625,PRJNA720088,SAMN18632263,2436206800,PBMC,GEO,public,"run.zq,sra,fastq","s3,gs,ncbi","s3.us-east-1,gs.us-east1,ncbi.public",0,hospitalized,SRX10519942,GSM5227107,Illumina NovaSeq 6000,SI-GA-F1,PAIRED,cDNA,TRANSCRIPTOMIC,Homo sapiens,0993F8,ILLUMINA,2021-04-15T00:00:00Z,2021-04-06T18:57:00Z,1,0993F8-00,GSM5227107,male,PBMC,SRP313659
SRR14150947,RNA-Seq,125,6570912625,PRJNA720088,SAMN18632263,2290949631,PBMC,GEO,public,"fastq,sra,run.zq","s3,ncbi,gs","gs.us-east1,ncbi.public,s3.us-east-1",0,hospitalized,SRX10519942,GSM5227107,Illumina NovaSeq 6000,SI-GA-F1,PAIRED,cDNA,TRANSCRIPTOMIC,Homo sapiens,0993F8,ILLUMINA,2021-04-15T00:00:00Z,2021-04-06T18:46:00Z,1,0993F8-00,GSM5227107,male,PBMC,SRP313659
SRR14150948,RNA-Seq,125,6813097500,PRJNA720088,SAMN18632263,2355327014,PBMC,GEO,public,"fastq,run.zq,sra","s3,gs,ncbi","s3.us-east-1,gs.us-east1,ncbi.public",0,hospitalized,SRX10519942,GSM5227107,Illumina NovaSeq 6000,SI-GA-F1,PAIRED,cDNA,TRANSCRIPTOMIC,Homo sapiens,0993F8,ILLUMINA,2021-04-15T00:00:00Z,2021-04-06T19:45:00Z,1,0993F8-00,GSM5227107,male,PBMC,SRP313659
SRR14150949,RNA-Seq,125,6712950625,PRJNA720088,SAMN18632263,2327419125,PBMC,GEO,public,"sra,fastq,run.zq","gs,s3,ncbi","s3.us-east-1,ncbi.public,gs.us-east1",0,hospitalized,SRX10519942,GSM5227107,Illumina NovaSeq 6000,SI-GA-F1,PAIRED,cDNA,TRANSCRIPTOMIC,Homo sapiens,0993F8,ILLUMINA,2021-04-15T00:00:00Z,2021-04-06T19:21:00Z,1,0993F8-00,GSM5227107,male,PBMC,SRP313659
SRR14150950,RNA-Seq,125,7469054000,PRJNA720088,SAMN18632291,2490512248,PBMC,GEO,public,"fastq,sra,run.zq","gs,ncbi,s3","s3.us-east-1,gs.us-east1,ncbi.public",0,infected,SRX10519943,GSM5227108,Illumina NovaSeq 6000,SI-GA-E4,PAIRED,cDNA,TRANSCRIPTOMIC,Homo sapiens,0B943B,ILLUMINA,2021-04-15T00:00:00Z,2021-04-06T20:19:00Z,1,0B943B-00,GSM5227108,male,PBMC,SRP313659
SRR14150951,RNA-Seq,125,7028760125,PRJNA720088,SAMN18632291,2360390107,PBMC,GEO,public,"sra,run.zq,fastq","s3,gs,ncbi","ncbi.public,gs.us-east1,s3.us-east-1",0,infected,SRX10519943,GSM5227108,Illumina NovaSeq 6000,SI-GA-E4,PAIRED,cDNA,TRANSCRIPTOMIC,Homo sapiens,0B943B,ILLUMINA,2021-04-15T00:00:00Z,2021-04-06T19:48:00Z,1,0B943B-00,GSM5227108,male,PBMC,SRP313659
SRR14150952,RNA-Seq,125,7202057750,PRJNA720088,SAMN18632291,2395518507,PBMC,GEO,public,"sra,fastq,run.zq","s3,gs,ncbi","gs.us-east1,s3.us-east-1,ncbi.public",0,infected,SRX10519943,GSM5227108,Illumina NovaSeq 6000,SI-GA-E4,PAIRED,cDNA,TRANSCRIPTOMIC,Homo sapiens,0B943B,ILLUMINA,2021-04-15T00:00:00Z,2021-04-06T19:00:00Z,1,0B943B-00,GSM5227108,male,PBMC,SRP313659
SRR14150953,RNA-Seq,125,7120724250,PRJNA720088,SAMN18632291,2376085825,PBMC,GEO,public,"run.zq,sra,fastq","ncbi,s3,gs","ncbi.public,gs.us-east1,s3.us-east-1",0,infected,SRX10519943,GSM5227108,Illumina NovaSeq 6000,SI-GA-E4,PAIRED,cDNA,TRANSCRIPTOMIC,Homo sapiens,0B943B,ILLUMINA,2021-04-15T00:00:00Z,2021-04-06T19:11:00Z,1,0B943B-00,GSM5227108,male,PBMC,SRP313659
SRR14150954,RNA-Seq,125,7671789750,PRJNA720088,SAMN18632290,2556960058,PBMC,GEO,public,"fastq,sra,run.zq","ncbi,gs,s3","s3.us-east-1,gs.us-east1,ncbi.public",3,infected,SRX10519944,GSM5227109,Illumina NovaSeq 6000,SI-GA-E5,PAIRED,cDNA,TRANSCRIPTOMIC,Homo sapiens,0B943B,ILLUMINA,2021-04-15T00:00:00Z,2021-04-06T20:10:00Z,1,0B943B-03,GSM5227109,male,PBMC,SRP313659
SRR14150955,RNA-Seq,125,7245983500,PRJNA720088,SAMN18632290,2431433710,PBMC,GEO,public,"fastq,sra,run.zq","gs,ncbi,s3","ncbi.public,s3.us-east-1,gs.us-east1",3,infected,SRX10519944,GSM5227109,Illumina NovaSeq 6000,SI-GA-E5,PAIRED,cDNA,TRANSCRIPTOMIC,Homo sapiens,0B943B,ILLUMINA,2021-04-15T00:00:00Z,2021-04-06T19:45:00Z,1,0B943B-03,GSM5227109,male,PBMC,SRP313659
SRR14150956,RNA-Seq,125,7385260375,PRJNA720088,SAMN18632290,2456913379,PBMC,GEO,public,"fastq,sra,run.zq","s3,gs,ncbi","s3.us-east-1,gs.us-east1,ncbi.public",3,infected,SRX10519944,GSM5227109,Illumina NovaSeq 6000,SI-GA-E5,PAIRED,cDNA,TRANSCRIPTOMIC,Homo sapiens,0B943B,ILLUMINA,2021-04-15T00:00:00Z,2021-04-06T17:18:00Z,1,0B943B-03,GSM5227109,male,PBMC,SRP313659
SRR14150957,RNA-Seq,125,7311608875,PRJNA720088,SAMN18632290,2439444441,PBMC,GEO,public,"fastq,sra,run.zq","gs,ncbi,s3","s3.us-east-1,gs.us-east1,ncbi.public",3,infected,SRX10519944,GSM5227109,Illumina NovaSeq 6000,SI-GA-E5,PAIRED,cDNA,TRANSCRIPTOMIC,Homo sapiens,0B943B,ILLUMINA,2021-04-15T00:00:00Z,2021-04-06T19:49:00Z,1,0B943B-03,GSM5227109,male,PBMC,SRP313659
SRR14150958,RNA-Seq,125,7409095750,PRJNA720088,SAMN18632289,2439248094,PBMC,GEO,public,"fastq,run.zq,sra","s3,ncbi,gs","gs.us-east1,s3.us-east-1,ncbi.public",14,infected,SRX10519945,GSM5227110,Illumina NovaSeq 6000,SI-GA-D9,PAIRED,cDNA,TRANSCRIPTOMIC,Homo sapiens,0B943B,ILLUMINA,2021-04-15T00:00:00Z,2021-04-06T19:44:00Z,1,0B943B-14,GSM5227110,male,PBMC,SRP313659
SRR14150959,RNA-Seq,125,7013447000,PRJNA720088,SAMN18632289,2326039177,PBMC,GEO,public,"fastq,sra,run.zq","ncbi,s3,gs","ncbi.public,s3.us-east-1,gs.us-east1",14,infected,SRX10519945,GSM5227110,Illumina NovaSeq 6000,SI-GA-D9,PAIRED,cDNA,TRANSCRIPTOMIC,Homo sapiens,0B943B,ILLUMINA,2021-04-15T00:00:00Z,2021-04-06T21:26:00Z,1,0B943B-14,GSM5227110,male,PBMC,SRP313659
SRR14150960,RNA-Seq,125,7089621375,PRJNA720088,SAMN18632289,2331411696,PBMC,GEO,public,"fastq,run.zq,sra","ncbi,gs,s3","gs.us-east1,ncbi.public,s3.us-east-1",14,infected,SRX10519945,GSM5227110,Illumina NovaSeq 6000,SI-GA-D9,PAIRED,cDNA,TRANSCRIPTOMIC,Homo sapiens,0B943B,ILLUMINA,2021-04-15T00:00:00Z,2021-04-06T19:58:00Z,1,0B943B-14,GSM5227110,male,PBMC,SRP313659
SRR14150961,RNA-Seq,125,7027313625,PRJNA720088,SAMN18632289,2317000281,PBMC,GEO,public,"sra,fastq,run.zq","ncbi,s3,gs","ncbi.public,gs.us-east1,s3.us-east-1",14,infected,SRX10519945,GSM5227110,Illumina NovaSeq 6000,SI-GA-D9,PAIRED,cDNA,TRANSCRIPTOMIC,Homo sapiens,0B943B,ILLUMINA,2021-04-15T00:00:00Z,2021-04-06T20:59:00Z,1,0B943B-14,GSM5227110,male,PBMC,SRP313659
SRR14150962,RNA-Seq,125,7651530250,PRJNA720088,SAMN18632288,2575828779,PBMC,GEO,public,"sra,fastq,run.zq","s3,ncbi,gs","s3.us-east-1,ncbi.public,gs.us-east1",0,infected,SRX10519946,GSM5227111,Illumina NovaSeq 6000,SI-GA-B12,PAIRED,cDNA,TRANSCRIPTOMIC,Homo sapiens,0BF51C,ILLUMINA,2021-04-15T00:00:00Z,2021-04-06T20:29:00Z,1,0BF51C-00,GSM5227111,female,PBMC,SRP313659
SRR14150963,RNA-Seq,125,7226251625,PRJNA720088,SAMN18632288,2450019541,PBMC,GEO,public,"sra,run.zq,fastq","s3,gs,ncbi","s3.us-east-1,ncbi.public,gs.us-east1",0,infected,SRX10519946,GSM5227111,Illumina NovaSeq 6000,SI-GA-B12,PAIRED,cDNA,TRANSCRIPTOMIC,Homo sapiens,0BF51C,ILLUMINA,2021-04-15T00:00:00Z,2021-04-06T17:09:00Z,1,0BF51C-00,GSM5227111,female,PBMC,SRP313659
SRR14150964,RNA-Seq,125,7356034375,PRJNA720088,SAMN18632288,2471443115,PBMC,GEO,public,"sra,run.zq,fastq","gs,ncbi,s3","ncbi.public,s3.us-east-1,gs.us-east1",0,infected,SRX10519946,GSM5227111,Illumina NovaSeq 6000,SI-GA-B12,PAIRED,cDNA,TRANSCRIPTOMIC,Homo sapiens,0BF51C,ILLUMINA,2021-04-15T00:00:00Z,2021-04-06T16:40:00Z,1,0BF51C-00,GSM5227111,female,PBMC,SRP313659
SRR14150965,RNA-Seq,125,7287144000,PRJNA720088,SAMN18632288,2455266314,PBMC,GEO,public,"fastq,sra,run.zq","gs,ncbi,s3","s3.us-east-1,gs.us-east1,ncbi.public",0,infected,SRX10519946,GSM5227111,Illumina NovaSeq 6000,SI-GA-B12,PAIRED,cDNA,TRANSCRIPTOMIC,Homo sapiens,0BF51C,ILLUMINA,2021-04-15T00:00:00Z,2021-04-06T19:27:00Z,1,0BF51C-00,GSM5227111,female,PBMC,SRP313659
SRR14150966,RNA-Seq,125,7610402875,PRJNA720088,SAMN18632287,2533605644,PBMC,GEO,public,"sra,run.zq,fastq","gs,s3,ncbi","s3.us-east-1,ncbi.public,gs.us-east1",7,infected,SRX10519947,GSM5227112,Illumina NovaSeq 6000,SI-GA-B11,PAIRED,cDNA,TRANSCRIPTOMIC,Homo sapiens,0BF51C,ILLUMINA,2021-04-15T00:00:00Z,2021-04-06T19:56:00Z,1,0BF51C-07,GSM5227112,female,PBMC,SRP313659
SRR14150967,RNA-Seq,125,7185913625,PRJNA720088,SAMN18632287,2409145333,PBMC,GEO,public,"run.zq,fastq,sra","s3,gs,ncbi","s3.us-east-1,gs.us-east1,ncbi.public",7,infected,SRX10519947,GSM5227112,Illumina NovaSeq 6000,SI-GA-B11,PAIRED,cDNA,TRANSCRIPTOMIC,Homo sapiens,0BF51C,ILLUMINA,2021-04-15T00:00:00Z,2021-04-06T19:07:00Z,1,0BF51C-07,GSM5227112,female,PBMC,SRP313659
SRR14150968,RNA-Seq,125,7340674250,PRJNA720088,SAMN18632287,2438670109,PBMC,GEO,public,"sra,fastq,run.zq","ncbi,gs,s3","ncbi.public,gs.us-east1,s3.us-east-1",7,infected,SRX10519947,GSM5227112,Illumina NovaSeq 6000,SI-GA-B11,PAIRED,cDNA,TRANSCRIPTOMIC,Homo sapiens,0BF51C,ILLUMINA,2021-04-15T00:00:00Z,2021-04-06T19:32:00Z,1,0BF51C-07,GSM5227112,female,PBMC,SRP313659
SRR14150969,RNA-Seq,125,7258093375,PRJNA720088,SAMN18632287,2418438409,PBMC,GEO,public,"sra,run.zq,fastq","gs,s3,ncbi","gs.us-east1,ncbi.public,s3.us-east-1",7,infected,SRX10519947,GSM5227112,Illumina NovaSeq 6000,SI-GA-B11,PAIRED,cDNA,TRANSCRIPTOMIC,Homo sapiens,0BF51C,ILLUMINA,2021-04-15T00:00:00Z,2021-04-06T21:55:00Z,1,0BF51C-07,GSM5227112,female,PBMC,SRP313659
SRR14150970,RNA-Seq,125,7613701375,PRJNA720088,SAMN18632286,2556845416,PBMC,GEO,public,"fastq,sra,run.zq","s3,gs,ncbi","s3.us-east-1,gs.us-east1,ncbi.public",14,infected,SRX10519948,GSM5227113,Illumina NovaSeq 6000,SI-GA-B10,PAIRED,cDNA,TRANSCRIPTOMIC,Homo sapiens,0BF51C,ILLUMINA,2021-04-15T00:00:00Z,2021-04-06T17:12:00Z,1,0BF51C-14,GSM5227113,female,PBMC,SRP313659
SRR14150971,RNA-Seq,125,7200439625,PRJNA720088,SAMN18632286,2434144995,PBMC,GEO,public,"sra,fastq,run.zq","gs,ncbi,s3","ncbi.public,s3.us-east-1,gs.us-east1",14,infected,SRX10519948,GSM5227113,Illumina NovaSeq 6000,SI-GA-B10,PAIRED,cDNA,TRANSCRIPTOMIC,Homo sapiens,0BF51C,ILLUMINA,2021-04-15T00:00:00Z,2021-04-06T20:39:00Z,1,0BF51C-14,GSM5227113,female,PBMC,SRP313659
SRR14150972,RNA-Seq,125,7306714625,PRJNA720088,SAMN18632286,2448958328,PBMC,GEO,public,"fastq,sra,run.zq","ncbi,s3,gs","s3.us-east-1,gs.us-east1,ncbi.public",14,infected,SRX10519948,GSM5227113,Illumina NovaSeq 6000,SI-GA-B10,PAIRED,cDNA,TRANSCRIPTOMIC,Homo sapiens,0BF51C,ILLUMINA,2021-04-15T00:00:00Z,2021-04-06T19:21:00Z,1,0BF51C-14,GSM5227113,female,PBMC,SRP313659
SRR14150973,RNA-Seq,125,7245172250,PRJNA720088,SAMN18632286,2435551783,PBMC,GEO,public,"fastq,sra,run.zq","s3,ncbi,gs","s3.us-east-1,ncbi.public,gs.us-east1",14,infected,SRX10519948,GSM5227113,Illumina NovaSeq 6000,SI-GA-B10,PAIRED,cDNA,TRANSCRIPTOMIC,Homo sapiens,0BF51C,ILLUMINA,2021-04-15T00:00:00Z,2021-04-06T19:06:00Z,1,0BF51C-14,GSM5227113,female,PBMC,SRP313659
SRR14150974,RNA-Seq,125,7922558875,PRJNA720088,SAMN18632285,2645090733,PBMC,GEO,public,"sra,run.zq,fastq","ncbi,s3,gs","s3.us-east-1,ncbi.public,gs.us-east1",0,infected,SRX10519949,GSM5227114,Illumina NovaSeq 6000,SI-GA-D10,PAIRED,cDNA,TRANSCRIPTOMIC,Homo sapiens,180E1A,ILLUMINA,2021-04-15T00:00:00Z,2021-04-06T20:20:00Z,1,180E1A-00,GSM5227114,female,PBMC,SRP313659
SRR14150975,RNA-Seq,125,7472975750,PRJNA720088,SAMN18632285,2512776648,PBMC,GEO,public,"fastq,sra,run.zq","ncbi,s3,gs","ncbi.public,gs.us-east1,s3.us-east-1",0,infected,SRX10519949,GSM5227114,Illumina NovaSeq 6000,SI-GA-D10,PAIRED,cDNA,TRANSCRIPTOMIC,Homo sapiens,180E1A,ILLUMINA,2021-04-15T00:00:00Z,2021-04-06T17:29:00Z,1,180E1A-00,GSM5227114,female,PBMC,SRP313659
SRR14150976,RNA-Seq,125,7647517500,PRJNA720088,SAMN18632285,2546764146,PBMC,GEO,public,"fastq,sra,run.zq","gs,s3,ncbi","ncbi.public,s3.us-east-1,gs.us-east1",0,infected,SRX10519949,GSM5227114,Illumina NovaSeq 6000,SI-GA-D10,PAIRED,cDNA,TRANSCRIPTOMIC,Homo sapiens,180E1A,ILLUMINA,2021-04-15T00:00:00Z,2021-04-06T19:56:00Z,1,180E1A-00,GSM5227114,female,PBMC,SRP313659
SRR14150977,RNA-Seq,125,7564283625,PRJNA720088,SAMN18632285,2526932729,PBMC,GEO,public,"run.zq,fastq,sra","s3,ncbi,gs","ncbi.public,gs.us-east1,s3.us-east-1",0,infected,SRX10519949,GSM5227114,Illumina NovaSeq 6000,SI-GA-D10,PAIRED,cDNA,TRANSCRIPTOMIC,Homo sapiens,180E1A,ILLUMINA,2021-04-15T00:00:00Z,2021-04-06T21:40:00Z,1,180E1A-00,GSM5227114,female,PBMC,SRP313659
SRR14150978,RNA-Seq,125,7499843875,PRJNA720088,SAMN18632284,2504930517,PBMC,GEO,public,"run.zq,fastq,sra","s3,ncbi,gs","s3.us-east-1,gs.us-east1,ncbi.public",7,infected,SRX10519950,GSM5227115,Illumina NovaSeq 6000,SI-GA-D11,PAIRED,cDNA,TRANSCRIPTOMIC,Homo sapiens,180E1A,ILLUMINA,2021-04-15T00:00:00Z,2021-04-06T18:48:00Z,1,180E1A-07,GSM5227115,female,PBMC,SRP313659
SRR14150979,RNA-Seq,125,7046626125,PRJNA720088,SAMN18632284,2369893727,PBMC,GEO,public,"run.zq,fastq,sra","s3,ncbi,gs","ncbi.public,gs.us-east1,s3.us-east-1",7,infected,SRX10519950,GSM5227115,Illumina NovaSeq 6000,SI-GA-D11,PAIRED,cDNA,TRANSCRIPTOMIC,Homo sapiens,180E1A,ILLUMINA,2021-04-15T00:00:00Z,2021-04-06T21:03:00Z,1,180E1A-07,GSM5227115,female,PBMC,SRP313659
SRR14150980,RNA-Seq,125,7282231250,PRJNA720088,SAMN18632284,2424960484,PBMC,GEO,public,"run.zq,sra,fastq","gs,ncbi,s3","s3.us-east-1,ncbi.public,gs.us-east1",7,infected,SRX10519950,GSM5227115,Illumina NovaSeq 6000,SI-GA-D11,PAIRED,cDNA,TRANSCRIPTOMIC,Homo sapiens,180E1A,ILLUMINA,2021-04-15T00:00:00Z,2021-04-06T17:05:00Z,1,180E1A-07,GSM5227115,female,PBMC,SRP313659
SRR14150981,RNA-Seq,125,7180868625,PRJNA720088,SAMN18632284,2399008841,PBMC,GEO,public,"run.zq,sra,fastq","ncbi,gs,s3","s3.us-east-1,ncbi.public,gs.us-east1",7,infected,SRX10519950,GSM5227115,Illumina NovaSeq 6000,SI-GA-D11,PAIRED,cDNA,TRANSCRIPTOMIC,Homo sapiens,180E1A,ILLUMINA,2021-04-15T00:00:00Z,2021-04-06T22:48:00Z,1,180E1A-07,GSM5227115,female,PBMC,SRP313659
SRR14150982,RNA-Seq,125,7720028375,PRJNA720088,SAMN18632283,2578867063,PBMC,GEO,public,"run.zq,sra,fastq","ncbi,s3,gs","s3.us-east-1,ncbi.public,gs.us-east1",14,infected,SRX10519951,GSM5227116,Illumina NovaSeq 6000,SI-GA-D12,PAIRED,cDNA,TRANSCRIPTOMIC,Homo sapiens,180E1A,ILLUMINA,2021-04-15T00:00:00Z,2021-04-06T20:43:00Z,1,180E1A-14,GSM5227116,female,PBMC,SRP313659
SRR14150983,RNA-Seq,125,7258055750,PRJNA720088,SAMN18632283,2441115556,PBMC,GEO,public,"run.zq,fastq,sra","s3,ncbi,gs","gs.us-east1,s3.us-east-1,ncbi.public",14,infected,SRX10519951,GSM5227116,Illumina NovaSeq 6000,SI-GA-D12,PAIRED,cDNA,TRANSCRIPTOMIC,Homo sapiens,180E1A,ILLUMINA,2021-04-15T00:00:00Z,2021-04-06T16:42:00Z,1,180E1A-14,GSM5227116,female,PBMC,SRP313659
SRR14150984,RNA-Seq,125,7481670250,PRJNA720088,SAMN18632283,2493317342,PBMC,GEO,public,"sra,fastq,run.zq","ncbi,gs,s3","s3.us-east-1,gs.us-east1,ncbi.public",14,infected,SRX10519951,GSM5227116,Illumina NovaSeq 6000,SI-GA-D12,PAIRED,cDNA,TRANSCRIPTOMIC,Homo sapiens,180E1A,ILLUMINA,2021-04-15T00:00:00Z,2021-04-06T19:54:00Z,1,180E1A-14,GSM5227116,female,PBMC,SRP313659
SRR14150985,RNA-Seq,125,7379753750,PRJNA720088,SAMN18632283,2466650013,PBMC,GEO,public,"fastq,sra,run.zq","gs,ncbi,s3","gs.us-east1,ncbi.public,s3.us-east-1",14,infected,SRX10519951,GSM5227116,Illumina NovaSeq 6000,SI-GA-D12,PAIRED,cDNA,TRANSCRIPTOMIC,Homo sapiens,180E1A,ILLUMINA,2021-04-15T00:00:00Z,2021-04-06T20:48:00Z,1,180E1A-14,GSM5227116,female,PBMC,SRP313659
SRR14150986,RNA-Seq,125,6520169250,PRJNA720088,SAMN18632282,2182685592,PBMC,GEO,public,"sra,fastq,run.zq","ncbi,gs,s3","ncbi.public,s3.us-east-1,gs.us-east1",0,healthy,SRX10519952,GSM5227117,Illumina NovaSeq 6000,SI-GA-F2,PAIRED,cDNA,TRANSCRIPTOMIC,Homo sapiens,22CBD6,ILLUMINA,2021-04-15T00:00:00Z,2021-04-06T19:31:00Z,1,22CBD6-00,GSM5227117,female,PBMC,SRP313659
SRR14150987,RNA-Seq,125,6111324375,PRJNA720088,SAMN18632282,2056924843,PBMC,GEO,public,"run.zq,fastq,sra","gs,ncbi,s3","gs.us-east1,ncbi.public,s3.us-east-1",0,healthy,SRX10519952,GSM5227117,Illumina NovaSeq 6000,SI-GA-F2,PAIRED,cDNA,TRANSCRIPTOMIC,Homo sapiens,22CBD6,ILLUMINA,2021-04-15T00:00:00Z,2021-04-06T17:44:00Z,1,22CBD6-00,GSM5227117,female,PBMC,SRP313659
SRR14150988,RNA-Seq,125,6314783125,PRJNA720088,SAMN18632282,2110848473,PBMC,GEO,public,"sra,fastq,run.zq","s3,ncbi,gs","ncbi.public,s3.us-east-1,gs.us-east1",0,healthy,SRX10519952,GSM5227117,Illumina NovaSeq 6000,SI-GA-F2,PAIRED,cDNA,TRANSCRIPTOMIC,Homo sapiens,22CBD6,ILLUMINA,2021-04-15T00:00:00Z,2021-04-06T18:39:00Z,1,22CBD6-00,GSM5227117,female,PBMC,SRP313659
SRR14150989,RNA-Seq,125,6218467250,PRJNA720088,SAMN18632282,2083221813,PBMC,GEO,public,"fastq,sra,run.zq","s3,gs,ncbi","gs.us-east1,s3.us-east-1,ncbi.public",0,healthy,SRX10519952,GSM5227117,Illumina NovaSeq 6000,SI-GA-F2,PAIRED,cDNA,TRANSCRIPTOMIC,Homo sapiens,22CBD6,ILLUMINA,2021-04-15T00:00:00Z,2021-04-06T17:40:00Z,1,22CBD6-00,GSM5227117,female,PBMC,SRP313659
SRR14150990,RNA-Seq,125,7734977625,PRJNA720088,SAMN18632281,2592520849,PBMC,GEO,public,"sra,run.zq,fastq","ncbi,gs,s3","ncbi.public,gs.us-east1,s3.us-east-1",0,infected,SRX10519953,GSM5227118,Illumina NovaSeq 6000,SI-GA-E10,PAIRED,cDNA,TRANSCRIPTOMIC,Homo sapiens,2AD75E,ILLUMINA,2021-04-15T00:00:00Z,2021-04-06T17:25:00Z,1,2AD75E-00,GSM5227118,male,PBMC,SRP313659
SRR14150991,RNA-Seq,125,7284842875,PRJNA720088,SAMN18632281,2459066420,PBMC,GEO,public,"fastq,sra,run.zq","s3,gs,ncbi","gs.us-east1,ncbi.public,s3.us-east-1",0,infected,SRX10519953,GSM5227118,Illumina NovaSeq 6000,SI-GA-E10,PAIRED,cDNA,TRANSCRIPTOMIC,Homo sapiens,2AD75E,ILLUMINA,2021-04-15T00:00:00Z,2021-04-06T19:33:00Z,1,2AD75E-00,GSM5227118,male,PBMC,SRP313659
SRR14150992,RNA-Seq,125,7480954000,PRJNA720088,SAMN18632281,2500851001,PBMC,GEO,public,"sra,run.zq,fastq","gs,ncbi,s3","ncbi.public,gs.us-east1,s3.us-east-1",0,infected,SRX10519953,GSM5227118,Illumina NovaSeq 6000,SI-GA-E10,PAIRED,cDNA,TRANSCRIPTOMIC,Homo sapiens,2AD75E,ILLUMINA,2021-04-15T00:00:00Z,2021-04-06T20:16:00Z,1,2AD75E-00,GSM5227118,male,PBMC,SRP313659
SRR14150993,RNA-Seq,125,7399424250,PRJNA720088,SAMN18632281,2481457606,PBMC,GEO,public,"sra,run.zq,fastq","s3,gs,ncbi","ncbi.public,gs.us-east1,s3.us-east-1",0,infected,SRX10519953,GSM5227118,Illumina NovaSeq 6000,SI-GA-E10,PAIRED,cDNA,TRANSCRIPTOMIC,Homo sapiens,2AD75E,ILLUMINA,2021-04-15T00:00:00Z,2021-04-06T16:59:00Z,1,2AD75E-00,GSM5227118,male,PBMC,SRP313659
SRR14150994,RNA-Seq,125,7757662250,PRJNA720088,SAMN18632309,2596256003,PBMC,GEO,public,"run.zq,fastq,sra","ncbi,s3,gs","ncbi.public,gs.us-east1,s3.us-east-1",7,infected,SRX10519954,GSM5227119,Illumina NovaSeq 6000,SI-GA-E11,PAIRED,cDNA,TRANSCRIPTOMIC,Homo sapiens,2AD75E,ILLUMINA,2021-04-15T00:00:00Z,2021-04-06T17:14:00Z,1,2AD75E-07,GSM5227119,male,PBMC,SRP313659
SRR14150995,RNA-Seq,125,7321138250,PRJNA720088,SAMN18632309,2467627984,PBMC,GEO,public,"sra,run.zq,fastq","gs,s3,ncbi","ncbi.public,s3.us-east-1,gs.us-east1",7,infected,SRX10519954,GSM5227119,Illumina NovaSeq 6000,SI-GA-E11,PAIRED,cDNA,TRANSCRIPTOMIC,Homo sapiens,2AD75E,ILLUMINA,2021-04-15T00:00:00Z,2021-04-06T20:28:00Z,1,2AD75E-07,GSM5227119,male,PBMC,SRP313659
SRR14150996,RNA-Seq,125,7484935250,PRJNA720088,SAMN18632309,2499340690,PBMC,GEO,public,"fastq,sra,run.zq","ncbi,gs,s3","gs.us-east1,s3.us-east-1,ncbi.public",7,infected,SRX10519954,GSM5227119,Illumina NovaSeq 6000,SI-GA-E11,PAIRED,cDNA,TRANSCRIPTOMIC,Homo sapiens,2AD75E,ILLUMINA,2021-04-15T00:00:00Z,2021-04-06T19:17:00Z,1,2AD75E-07,GSM5227119,male,PBMC,SRP313659
SRR14150997,RNA-Seq,125,7410787625,PRJNA720088,SAMN18632309,2481941253,PBMC,GEO,public,"fastq,sra,run.zq","ncbi,gs,s3","ncbi.public,s3.us-east-1,gs.us-east1",7,infected,SRX10519954,GSM5227119,Illumina NovaSeq 6000,SI-GA-E11,PAIRED,cDNA,TRANSCRIPTOMIC,Homo sapiens,2AD75E,ILLUMINA,2021-04-15T00:00:00Z,2021-04-06T21:28:00Z,1,2AD75E-07,GSM5227119,male,PBMC,SRP313659
SRR14150998,RNA-Seq,125,7306135125,PRJNA720088,SAMN18632308,2444515659,PBMC,GEO,public,"fastq,run.zq,sra","s3,gs,ncbi","s3.us-east-1,ncbi.public,gs.us-east1",14,infected,SRX10519955,GSM5227120,Illumina NovaSeq 6000,SI-GA-E12,PAIRED,cDNA,TRANSCRIPTOMIC,Homo sapiens,2AD75E,ILLUMINA,2021-04-15T00:00:00Z,2021-04-06T19:17:00Z,1,2AD75E-14,GSM5227120,male,PBMC,SRP313659
SRR14150999,RNA-Seq,125,6850454250,PRJNA720088,SAMN18632308,2307825325,PBMC,GEO,public,"fastq,run.zq,sra","ncbi,gs,s3","ncbi.public,gs.us-east1,s3.us-east-1",14,infected,SRX10519955,GSM5227120,Illumina NovaSeq 6000,SI-GA-E12,PAIRED,cDNA,TRANSCRIPTOMIC,Homo sapiens,2AD75E,ILLUMINA,2021-04-15T00:00:00Z,2021-04-06T18:38:00Z,1,2AD75E-14,GSM5227120,male,PBMC,SRP313659
SRR14151000,RNA-Seq,125,7077571875,PRJNA720088,SAMN18632308,2361900609,PBMC,GEO,public,"run.zq,sra,fastq","gs,s3,ncbi","ncbi.public,gs.us-east1,s3.us-east-1",14,infected,SRX10519955,GSM5227120,Illumina NovaSeq 6000,SI-GA-E12,PAIRED,cDNA,TRANSCRIPTOMIC,Homo sapiens,2AD75E,ILLUMINA,2021-04-15T00:00:00Z,2021-04-06T19:23:00Z,1,2AD75E-14,GSM5227120,male,PBMC,SRP313659
SRR14151001,RNA-Seq,125,6985535625,PRJNA720088,SAMN18632308,2338815748,PBMC,GEO,public,"fastq,run.zq,sra","s3,ncbi,gs","ncbi.public,s3.us-east-1,gs.us-east1",14,infected,SRX10519955,GSM5227120,Illumina NovaSeq 6000,SI-GA-E12,PAIRED,cDNA,TRANSCRIPTOMIC,Homo sapiens,2AD75E,ILLUMINA,2021-04-15T00:00:00Z,2021-04-06T16:59:00Z,1,2AD75E-14,GSM5227120,male,PBMC,SRP313659
SRR14151002,RNA-Seq,125,8180432000,PRJNA720088,SAMN18632307,2669611278,PBMC,GEO,public,"sra,run.zq,fastq","s3,ncbi,gs","gs.us-east1,s3.us-east-1,ncbi.public",0,hospitalized,SRX10519956,GSM5227121,Illumina NovaSeq 6000,SI-GA-D8,PAIRED,cDNA,TRANSCRIPTOMIC,Homo sapiens,2DB5F9,ILLUMINA,2021-04-15T00:00:00Z,2021-04-06T21:04:00Z,1,2DB5F9-00,GSM5227121,female,PBMC,SRP313659
SRR14151003,RNA-Seq,125,7678989750,PRJNA720088,SAMN18632307,2527503824,PBMC,GEO,public,"run.zq,fastq,sra","s3,gs,ncbi","gs.us-east1,ncbi.public,s3.us-east-1",0,hospitalized,SRX10519956,GSM5227121,Illumina NovaSeq 6000,SI-GA-D8,PAIRED,cDNA,TRANSCRIPTOMIC,Homo sapiens,2DB5F9,ILLUMINA,2021-04-15T00:00:00Z,2021-04-06T19:57:00Z,1,2DB5F9-00,GSM5227121,female,PBMC,SRP313659
SRR14151004,RNA-Seq,125,7767785250,PRJNA720088,SAMN18632307,2532795406,PBMC,GEO,public,"fastq,run.zq,sra","s3,ncbi,gs","gs.us-east1,s3.us-east-1,ncbi.public",0,hospitalized,SRX10519956,GSM5227121,Illumina NovaSeq 6000,SI-GA-D8,PAIRED,cDNA,TRANSCRIPTOMIC,Homo sapiens,2DB5F9,ILLUMINA,2021-04-15T00:00:00Z,2021-04-06T19:59:00Z,1,2DB5F9-00,GSM5227121,female,PBMC,SRP313659
SRR14151005,RNA-Seq,125,7718637625,PRJNA720088,SAMN18632307,2523986137,PBMC,GEO,public,"fastq,run.zq,sra","gs,s3,ncbi","ncbi.public,gs.us-east1,s3.us-east-1",0,hospitalized,SRX10519956,GSM5227121,Illumina NovaSeq 6000,SI-GA-D8,PAIRED,cDNA,TRANSCRIPTOMIC,Homo sapiens,2DB5F9,ILLUMINA,2021-04-15T00:00:00Z,2021-04-06T16:59:00Z,1,2DB5F9-00,GSM5227121,female,PBMC,SRP313659
SRR14151006,RNA-Seq,125,8067817250,PRJNA720088,SAMN18632306,2674762826,PBMC,GEO,public,"fastq,sra,run.zq","gs,s3,ncbi","s3.us-east-1,ncbi.public,gs.us-east1",0,infected,SRX10519957,GSM5227122,Illumina NovaSeq 6000,SI-GA-C12,PAIRED,cDNA,TRANSCRIPTOMIC,Homo sapiens,40067F,ILLUMINA,2021-04-15T00:00:00Z,2021-04-06T20:42:00Z,1,40067F-00,GSM5227122,male,PBMC,SRP313659
SRR14151007,RNA-Seq,125,7637202000,PRJNA720088,SAMN18632306,2549860468,PBMC,GEO,public,"run.zq,sra,fastq","s3,ncbi,gs","ncbi.public,gs.us-east1,s3.us-east-1",0,infected,SRX10519957,GSM5227122,Illumina NovaSeq 6000,SI-GA-C12,PAIRED,cDNA,TRANSCRIPTOMIC,Homo sapiens,40067F,ILLUMINA,2021-04-15T00:00:00Z,2021-04-06T19:06:00Z,1,40067F-00,GSM5227122,male,PBMC,SRP313659
SRR14151008,RNA-Seq,125,7723595750,PRJNA720088,SAMN18632306,2556724517,PBMC,GEO,public,"sra,run.zq,fastq","ncbi,gs,s3","gs.us-east1,ncbi.public,s3.us-east-1",0,infected,SRX10519957,GSM5227122,Illumina NovaSeq 6000,SI-GA-C12,PAIRED,cDNA,TRANSCRIPTOMIC,Homo sapiens,40067F,ILLUMINA,2021-04-15T00:00:00Z,2021-04-06T19:18:00Z,1,40067F-00,GSM5227122,male,PBMC,SRP313659
SRR14151009,RNA-Seq,125,7670060625,PRJNA720088,SAMN18632306,2546302961,PBMC,GEO,public,"sra,run.zq,fastq","ncbi,gs,s3","gs.us-east1,s3.us-east-1,ncbi.public",0,infected,SRX10519957,GSM5227122,Illumina NovaSeq 6000,SI-GA-C12,PAIRED,cDNA,TRANSCRIPTOMIC,Homo sapiens,40067F,ILLUMINA,2021-04-15T00:00:00Z,2021-04-06T16:25:00Z,1,40067F-00,GSM5227122,male,PBMC,SRP313659
SRR14151010,RNA-Seq,125,7123432875,PRJNA720088,SAMN18632304,2392910616,PBMC,GEO,public,"sra,run.zq,fastq","s3,gs,ncbi","gs.us-east1,ncbi.public,s3.us-east-1",7,infected,SRX10519958,GSM5227123,Illumina NovaSeq 6000,SI-GA-C10,PAIRED,cDNA,TRANSCRIPTOMIC,Homo sapiens,40067F,ILLUMINA,2021-04-15T00:00:00Z,2021-04-06T18:51:00Z,1,40067F-07,GSM5227123,male,PBMC,SRP313659
SRR14151011,RNA-Seq,125,6673965375,PRJNA720088,SAMN18632304,2254602826,PBMC,GEO,public,"run.zq,fastq,sra","s3,ncbi,gs","gs.us-east1,ncbi.public,s3.us-east-1",7,infected,SRX10519958,GSM5227123,Illumina NovaSeq 6000,SI-GA-C10,PAIRED,cDNA,TRANSCRIPTOMIC,Homo sapiens,40067F,ILLUMINA,2021-04-15T00:00:00Z,2021-04-06T18:56:00Z,1,40067F-07,GSM5227123,male,PBMC,SRP313659
SRR14151012,RNA-Seq,125,6853704125,PRJNA720088,SAMN18632304,2299079472,PBMC,GEO,public,"run.zq,sra,fastq","s3,gs,ncbi","ncbi.public,gs.us-east1,s3.us-east-1",7,infected,SRX10519958,GSM5227123,Illumina NovaSeq 6000,SI-GA-C10,PAIRED,cDNA,TRANSCRIPTOMIC,Homo sapiens,40067F,ILLUMINA,2021-04-15T00:00:00Z,2021-04-06T19:00:00Z,1,40067F-07,GSM5227123,male,PBMC,SRP313659
SRR14151013,RNA-Seq,125,6767283750,PRJNA720088,SAMN18632304,2275104077,PBMC,GEO,public,"fastq,run.zq,sra","ncbi,s3,gs","ncbi.public,gs.us-east1,s3.us-east-1",7,infected,SRX10519958,GSM5227123,Illumina NovaSeq 6000,SI-GA-C10,PAIRED,cDNA,TRANSCRIPTOMIC,Homo sapiens,40067F,ILLUMINA,2021-04-15T00:00:00Z,2021-04-06T17:38:00Z,1,40067F-07,GSM5227123,male,PBMC,SRP313659
SRR14151014,RNA-Seq,125,6938242000,PRJNA720088,SAMN18632303,2352689667,PBMC,GEO,public,"sra,run.zq,fastq","ncbi,s3,gs","ncbi.public,s3.us-east-1,gs.us-east1",14,infected,SRX10519959,GSM5227124,Illumina NovaSeq 6000,SI-GA-C11,PAIRED,cDNA,TRANSCRIPTOMIC,Homo sapiens,40067F,ILLUMINA,2021-04-15T00:00:00Z,2021-04-06T19:35:00Z,1,40067F-14,GSM5227124,male,PBMC,SRP313659
SRR14151015,RNA-Seq,125,6492618375,PRJNA720088,SAMN18632303,2214044300,PBMC,GEO,public,"sra,fastq,run.zq","gs,ncbi,s3","ncbi.public,gs.us-east1,s3.us-east-1",14,infected,SRX10519959,GSM5227124,Illumina NovaSeq 6000,SI-GA-C11,PAIRED,cDNA,TRANSCRIPTOMIC,Homo sapiens,40067F,ILLUMINA,2021-04-15T00:00:00Z,2021-04-06T18:46:00Z,1,40067F-14,GSM5227124,male,PBMC,SRP313659
SRR14151016,RNA-Seq,125,6732775750,PRJNA720088,SAMN18632303,2278180679,PBMC,GEO,public,"fastq,run.zq,sra","ncbi,s3,gs","ncbi.public,s3.us-east-1,gs.us-east1",14,infected,SRX10519959,GSM5227124,Illumina NovaSeq 6000,SI-GA-C11,PAIRED,cDNA,TRANSCRIPTOMIC,Homo sapiens,40067F,ILLUMINA,2021-04-15T00:00:00Z,2021-04-06T18:34:00Z,1,40067F-14,GSM5227124,male,PBMC,SRP313659
SRR14151017,RNA-Seq,125,6635575625,PRJNA720088,SAMN18632303,2251055351,PBMC,GEO,public,"run.zq,fastq,sra","s3,ncbi,gs","s3.us-east-1,ncbi.public,gs.us-east1",14,infected,SRX10519959,GSM5227124,Illumina NovaSeq 6000,SI-GA-C11,PAIRED,cDNA,TRANSCRIPTOMIC,Homo sapiens,40067F,ILLUMINA,2021-04-15T00:00:00Z,2021-04-06T18:13:00Z,1,40067F-14,GSM5227124,male,PBMC,SRP313659
SRR14151018,RNA-Seq,125,7629606125,PRJNA720088,SAMN18632302,2711347175,PBMC,GEO,public,"run.zq,fastq,sra","ncbi,s3,gs","ncbi.public,s3.us-east-1,gs.us-east1",0,infected,SRX10519960,GSM5227125,Illumina NovaSeq 6000,SI-GA-D1,PAIRED,cDNA,TRANSCRIPTOMIC,Homo sapiens,450905,ILLUMINA,2021-04-15T00:00:00Z,2021-04-06T19:46:00Z,1,450905-00,GSM5227125,male,PBMC,SRP313659
SRR14151019,RNA-Seq,125,7238954000,PRJNA720088,SAMN18632302,2587972626,PBMC,GEO,public,"run.zq,fastq,sra","s3,ncbi,gs","s3.us-east-1,ncbi.public,gs.us-east1",0,infected,SRX10519960,GSM5227125,Illumina NovaSeq 6000,SI-GA-D1,PAIRED,cDNA,TRANSCRIPTOMIC,Homo sapiens,450905,ILLUMINA,2021-04-15T00:00:00Z,2021-04-06T19:48:00Z,1,450905-00,GSM5227125,male,PBMC,SRP313659
SRR14151020,RNA-Seq,125,7428338750,PRJNA720088,SAMN18632302,2636093907,PBMC,GEO,public,"fastq,sra,run.zq","gs,s3,ncbi","s3.us-east-1,gs.us-east1,ncbi.public",0,infected,SRX10519960,GSM5227125,Illumina NovaSeq 6000,SI-GA-D1,PAIRED,cDNA,TRANSCRIPTOMIC,Homo sapiens,450905,ILLUMINA,2021-04-15T00:00:00Z,2021-04-06T17:16:00Z,1,450905-00,GSM5227125,male,PBMC,SRP313659
SRR14151021,RNA-Seq,125,7329739625,PRJNA720088,SAMN18632302,2607716411,PBMC,GEO,public,"run.zq,fastq,sra","ncbi,s3,gs","ncbi.public,s3.us-east-1,gs.us-east1",0,infected,SRX10519960,GSM5227125,Illumina NovaSeq 6000,SI-GA-D1,PAIRED,cDNA,TRANSCRIPTOMIC,Homo sapiens,450905,ILLUMINA,2021-04-15T00:00:00Z,2021-04-06T19:58:00Z,1,450905-00,GSM5227125,male,PBMC,SRP313659
SRR14151022,RNA-Seq,125,8140076750,PRJNA720088,SAMN18632301,2732221242,PBMC,GEO,public,"run.zq,sra,fastq","s3,gs,ncbi","gs.us-east1,ncbi.public,s3.us-east-1",7,infected,SRX10519961,GSM5227126,Illumina NovaSeq 6000,SI-GA-D2,PAIRED,cDNA,TRANSCRIPTOMIC,Homo sapiens,450905,ILLUMINA,2021-04-15T00:00:00Z,2021-04-06T17:10:00Z,1,450905-07,GSM5227126,male,PBMC,SRP313659
SRR14151023,RNA-Seq,125,7648551500,PRJNA720088,SAMN18632301,2585212596,PBMC,GEO,public,"run.zq,sra,fastq","gs,ncbi,s3","s3.us-east-1,ncbi.public,gs.us-east1",7,infected,SRX10519961,GSM5227126,Illumina NovaSeq 6000,SI-GA-D2,PAIRED,cDNA,TRANSCRIPTOMIC,Homo sapiens,450905,ILLUMINA,2021-04-15T00:00:00Z,2021-04-06T17:00:00Z,1,450905-07,GSM5227126,male,PBMC,SRP313659
SRR14151024,RNA-Seq,125,7878036750,PRJNA720088,SAMN18632301,2638379143,PBMC,GEO,public,"sra,fastq,run.zq","ncbi,gs,s3","gs.us-east1,ncbi.public,s3.us-east-1",7,infected,SRX10519961,GSM5227126,Illumina NovaSeq 6000,SI-GA-D2,PAIRED,cDNA,TRANSCRIPTOMIC,Homo sapiens,450905,ILLUMINA,2021-04-15T00:00:00Z,2021-04-06T19:53:00Z,1,450905-07,GSM5227126,male,PBMC,SRP313659
SRR14151025,RNA-Seq,125,7777269250,PRJNA720088,SAMN18632301,2612856573,PBMC,GEO,public,"sra,fastq,run.zq","ncbi,s3,gs","ncbi.public,s3.us-east-1,gs.us-east1",7,infected,SRX10519961,GSM5227126,Illumina NovaSeq 6000,SI-GA-D2,PAIRED,cDNA,TRANSCRIPTOMIC,Homo sapiens,450905,ILLUMINA,2021-04-15T00:00:00Z,2021-04-06T19:55:00Z,1,450905-07,GSM5227126,male,PBMC,SRP313659
SRR14151026,RNA-Seq,125,7473397250,PRJNA720088,SAMN18632300,2546848870,PBMC,GEO,public,"sra,fastq,run.zq","s3,ncbi,gs","s3.us-east-1,ncbi.public,gs.us-east1",14,infected,SRX10519962,GSM5227127,Illumina NovaSeq 6000,SI-GA-D3,PAIRED,cDNA,TRANSCRIPTOMIC,Homo sapiens,450905,ILLUMINA,2021-04-15T00:00:00Z,2021-04-06T20:49:00Z,1,450905-14,GSM5227127,male,PBMC,SRP313659
SRR14151027,RNA-Seq,125,7038251250,PRJNA720088,SAMN18632300,2414450815,PBMC,GEO,public,"sra,run.zq,fastq","ncbi,s3,gs","s3.us-east-1,gs.us-east1,ncbi.public",14,infected,SRX10519962,GSM5227127,Illumina NovaSeq 6000,SI-GA-D3,PAIRED,cDNA,TRANSCRIPTOMIC,Homo sapiens,450905,ILLUMINA,2021-04-15T00:00:00Z,2021-04-06T20:12:00Z,1,450905-14,GSM5227127,male,PBMC,SRP313659
SRR14151028,RNA-Seq,125,7229859750,PRJNA720088,SAMN18632300,2458184516,PBMC,GEO,public,"run.zq,sra,fastq","gs,ncbi,s3","gs.us-east1,ncbi.public,s3.us-east-1",14,infected,SRX10519962,GSM5227127,Illumina NovaSeq 6000,SI-GA-D3,PAIRED,cDNA,TRANSCRIPTOMIC,Homo sapiens,450905,ILLUMINA,2021-04-15T00:00:00Z,2021-04-06T20:44:00Z,1,450905-14,GSM5227127,male,PBMC,SRP313659
SRR14151029,RNA-Seq,125,7145110125,PRJNA720088,SAMN18632300,2436531451,PBMC,GEO,public,"fastq,sra,run.zq","s3,ncbi,gs","gs.us-east1,ncbi.public,s3.us-east-1",14,infected,SRX10519962,GSM5227127,Illumina NovaSeq 6000,SI-GA-D3,PAIRED,cDNA,TRANSCRIPTOMIC,Homo sapiens,450905,ILLUMINA,2021-04-15T00:00:00Z,2021-04-06T20:50:00Z,1,450905-14,GSM5227127,male,PBMC,SRP313659
SRR14151030,RNA-Seq,125,7440274000,PRJNA720088,SAMN18632299,2502351561,PBMC,GEO,public,"run.zq,sra,fastq","gs,s3,ncbi","ncbi.public,gs.us-east1,s3.us-east-1",0,hospitalized,SRX10519963,GSM5227128,Illumina NovaSeq 6000,SI-GA-F5,PAIRED,cDNA,TRANSCRIPTOMIC,Homo sapiens,45FBA5,ILLUMINA,2021-04-15T00:00:00Z,2021-04-06T21:10:00Z,1,45FBA5-00,GSM5227128,male,PBMC,SRP313659
SRR14151031,RNA-Seq,125,6994520250,PRJNA720088,SAMN18632299,2368174799,PBMC,GEO,public,"fastq,run.zq,sra","gs,ncbi,s3","gs.us-east1,ncbi.public,s3.us-east-1",0,hospitalized,SRX10519963,GSM5227128,Illumina NovaSeq 6000,SI-GA-F5,PAIRED,cDNA,TRANSCRIPTOMIC,Homo sapiens,45FBA5,ILLUMINA,2021-04-15T00:00:00Z,2021-04-06T20:24:00Z,1,45FBA5-00,GSM5227128,male,PBMC,SRP313659
SRR14151032,RNA-Seq,125,7202571375,PRJNA720088,SAMN18632299,2416683498,PBMC,GEO,public,"sra,fastq,run.zq","s3,gs,ncbi","gs.us-east1,ncbi.public,s3.us-east-1",0,hospitalized,SRX10519963,GSM5227128,Illumina NovaSeq 6000,SI-GA-F5,PAIRED,cDNA,TRANSCRIPTOMIC,Homo sapiens,45FBA5,ILLUMINA,2021-04-15T00:00:00Z,2021-04-07T14:02:00Z,1,45FBA5-00,GSM5227128,male,PBMC,SRP313659
SRR14151033,RNA-Seq,125,7116796750,PRJNA720088,SAMN18632299,2394915836,PBMC,GEO,public,"fastq,sra,run.zq","ncbi,s3,gs","gs.us-east1,ncbi.public,s3.us-east-1",0,hospitalized,SRX10519963,GSM5227128,Illumina NovaSeq 6000,SI-GA-F5,PAIRED,cDNA,TRANSCRIPTOMIC,Homo sapiens,45FBA5,ILLUMINA,2021-04-15T00:00:00Z,2021-04-06T20:48:00Z,1,45FBA5-00,GSM5227128,male,PBMC,SRP313659
SRR14151034,RNA-Seq,125,6996186125,PRJNA720088,SAMN18632298,2389948635,PBMC,GEO,public,"fastq,sra,run.zq","s3,gs,ncbi","ncbi.public,s3.us-east-1,gs.us-east1",0,hospitalized,SRX10519964,GSM5227129,Illumina NovaSeq 6000,SI-GA-B9,PAIRED,cDNA,TRANSCRIPTOMIC,Homo sapiens,460F8D,ILLUMINA,2021-04-15T00:00:00Z,2021-04-06T18:38:00Z,1,460F8D-00,GSM5227129,male,PBMC,SRP313659
SRR14151035,RNA-Seq,125,6536129375,PRJNA720088,SAMN18632298,2245123643,PBMC,GEO,public,"run.zq,fastq,sra","s3,ncbi,gs","s3.us-east-1,ncbi.public,gs.us-east1",0,hospitalized,SRX10519964,GSM5227129,Illumina NovaSeq 6000,SI-GA-B9,PAIRED,cDNA,TRANSCRIPTOMIC,Homo sapiens,460F8D,ILLUMINA,2021-04-15T00:00:00Z,2021-04-06T20:02:00Z,1,460F8D-00,GSM5227129,male,PBMC,SRP313659
SRR14151036,RNA-Seq,125,6786806375,PRJNA720088,SAMN18632298,2312669401,PBMC,GEO,public,"run.zq,sra,fastq","gs,ncbi,s3","ncbi.public,gs.us-east1,s3.us-east-1",0,hospitalized,SRX10519964,GSM5227129,Illumina NovaSeq 6000,SI-GA-B9,PAIRED,cDNA,TRANSCRIPTOMIC,Homo sapiens,460F8D,ILLUMINA,2021-04-15T00:00:00Z,2021-04-06T20:43:00Z,1,460F8D-00,GSM5227129,male,PBMC,SRP313659
SRR14151037,RNA-Seq,125,6685534875,PRJNA720088,SAMN18632298,2283975334,PBMC,GEO,public,"run.zq,sra,fastq","s3,gs,ncbi","ncbi.public,s3.us-east-1,gs.us-east1",0,hospitalized,SRX10519964,GSM5227129,Illumina NovaSeq 6000,SI-GA-B9,PAIRED,cDNA,TRANSCRIPTOMIC,Homo sapiens,460F8D,ILLUMINA,2021-04-15T00:00:00Z,2021-04-06T19:54:00Z,1,460F8D-00,GSM5227129,male,PBMC,SRP313659
SRR14151038,RNA-Seq,125,7890021250,PRJNA720088,SAMN18632297,2626799378,PBMC,GEO,public,"fastq,run.zq,sra","ncbi,s3,gs","s3.us-east-1,ncbi.public,gs.us-east1",0,healthy,SRX10519965,GSM5227130,Illumina NovaSeq 6000,SI-GA-E8,PAIRED,cDNA,TRANSCRIPTOMIC,Homo sapiens,52BA23,ILLUMINA,2021-04-15T00:00:00Z,2021-04-06T21:56:00Z,1,52BA23-00,GSM5227130,male,PBMC,SRP313659
SRR14151039,RNA-Seq,125,7458660625,PRJNA720088,SAMN18632297,2500573452,PBMC,GEO,public,"fastq,sra,run.zq","s3,gs,ncbi","ncbi.public,s3.us-east-1,gs.us-east1",0,healthy,SRX10519965,GSM5227130,Illumina NovaSeq 6000,SI-GA-E8,PAIRED,cDNA,TRANSCRIPTOMIC,Homo sapiens,52BA23,ILLUMINA,2021-04-15T00:00:00Z,2021-04-06T18:23:00Z,1,52BA23-00,GSM5227130,male,PBMC,SRP313659
SRR14151040,RNA-Seq,125,7599116875,PRJNA720088,SAMN18632297,2525166396,PBMC,GEO,public,"sra,run.zq,fastq","s3,ncbi,gs","s3.us-east-1,gs.us-east1,ncbi.public",0,healthy,SRX10519965,GSM5227130,Illumina NovaSeq 6000,SI-GA-E8,PAIRED,cDNA,TRANSCRIPTOMIC,Homo sapiens,52BA23,ILLUMINA,2021-04-15T00:00:00Z,2021-04-06T18:18:00Z,1,52BA23-00,GSM5227130,male,PBMC,SRP313659
SRR14151041,RNA-Seq,125,7525506000,PRJNA720088,SAMN18632297,2507969983,PBMC,GEO,public,"run.zq,sra,fastq","s3,gs,ncbi","gs.us-east1,s3.us-east-1,ncbi.public",0,healthy,SRX10519965,GSM5227130,Illumina NovaSeq 6000,SI-GA-E8,PAIRED,cDNA,TRANSCRIPTOMIC,Homo sapiens,52BA23,ILLUMINA,2021-04-15T00:00:00Z,2021-04-06T21:23:00Z,1,52BA23-00,GSM5227130,male,PBMC,SRP313659
SRR14151042,RNA-Seq,125,7937459750,PRJNA720088,SAMN18632296,2621792678,PBMC,GEO,public,"fastq,sra,run.zq","gs,ncbi,s3","gs.us-east1,ncbi.public,s3.us-east-1",0,exposed,SRX10519966,GSM5227131,Illumina NovaSeq 6000,SI-GA-B5,PAIRED,cDNA,TRANSCRIPTOMIC,Homo sapiens,61BBAD,ILLUMINA,2021-04-15T00:00:00Z,2021-04-06T21:37:00Z,1,61BBAD-00,GSM5227131,male,PBMC,SRP313659
SRR14151043,RNA-Seq,125,7493709500,PRJNA720088,SAMN18632296,2492401719,PBMC,GEO,public,"sra,fastq,run.zq","gs,ncbi,s3","s3.us-east-1,gs.us-east1,ncbi.public",0,exposed,SRX10519966,GSM5227131,Illumina NovaSeq 6000,SI-GA-B5,PAIRED,cDNA,TRANSCRIPTOMIC,Homo sapiens,61BBAD,ILLUMINA,2021-04-15T00:00:00Z,2021-04-06T21:18:00Z,1,61BBAD-00,GSM5227131,male,PBMC,SRP313659
SRR14151044,RNA-Seq,125,7604704750,PRJNA720088,SAMN18632296,2507319949,PBMC,GEO,public,"sra,fastq,run.zq","s3,ncbi,gs","gs.us-east1,s3.us-east-1,ncbi.public",0,exposed,SRX10519966,GSM5227131,Illumina NovaSeq 6000,SI-GA-B5,PAIRED,cDNA,TRANSCRIPTOMIC,Homo sapiens,61BBAD,ILLUMINA,2021-04-15T00:00:00Z,2021-04-06T21:23:00Z,1,61BBAD-00,GSM5227131,male,PBMC,SRP313659
SRR14151045,RNA-Seq,125,7544278875,PRJNA720088,SAMN18632296,2494404209,PBMC,GEO,public,"fastq,run.zq,sra","s3,ncbi,gs","gs.us-east1,s3.us-east-1,ncbi.public",0,exposed,SRX10519966,GSM5227131,Illumina NovaSeq 6000,SI-GA-B5,PAIRED,cDNA,TRANSCRIPTOMIC,Homo sapiens,61BBAD,ILLUMINA,2021-04-15T00:00:00Z,2021-04-06T20:33:00Z,1,61BBAD-00,GSM5227131,male,PBMC,SRP313659
SRR14151046,RNA-Seq,125,7380059625,PRJNA720088,SAMN18632295,2478916446,PBMC,GEO,public,"run.zq,fastq,sra","ncbi,gs,s3","s3.us-east-1,gs.us-east1,ncbi.public",7,exposed,SRX10519967,GSM5227132,Illumina NovaSeq 6000,SI-GA-B6,PAIRED,cDNA,TRANSCRIPTOMIC,Homo sapiens,61BBAD,ILLUMINA,2021-04-15T00:00:00Z,2021-04-06T20:23:00Z,1,61BBAD-07,GSM5227132,male,PBMC,SRP313659
SRR14151047,RNA-Seq,125,6926742875,PRJNA720088,SAMN18632295,2340191763,PBMC,GEO,public,"sra,run.zq,fastq","gs,ncbi,s3","s3.us-east-1,gs.us-east1,ncbi.public",7,exposed,SRX10519967,GSM5227132,Illumina NovaSeq 6000,SI-GA-B6,PAIRED,cDNA,TRANSCRIPTOMIC,Homo sapiens,61BBAD,ILLUMINA,2021-04-15T00:00:00Z,2021-04-06T19:02:00Z,1,61BBAD-07,GSM5227132,male,PBMC,SRP313659
SRR14151048,RNA-Seq,125,7156738750,PRJNA720088,SAMN18632295,2397791552,PBMC,GEO,public,"fastq,sra,run.zq","s3,gs,ncbi","ncbi.public,gs.us-east1,s3.us-east-1",7,exposed,SRX10519967,GSM5227132,Illumina NovaSeq 6000,SI-GA-B6,PAIRED,cDNA,TRANSCRIPTOMIC,Homo sapiens,61BBAD,ILLUMINA,2021-04-15T00:00:00Z,2021-04-06T20:51:00Z,1,61BBAD-07,GSM5227132,male,PBMC,SRP313659
SRR14151050,RNA-Seq,125,7033079375,PRJNA720088,SAMN18632294,2384750806,PBMC,GEO,public,"fastq,run.zq,sra","ncbi,gs,s3","gs.us-east1,s3.us-east-1,ncbi.public",14,exposed,SRX10519968,GSM5227133,Illumina NovaSeq 6000,SI-GA-B7,PAIRED,cDNA,TRANSCRIPTOMIC,Homo sapiens,61BBAD,ILLUMINA,2021-04-15T00:00:00Z,2021-04-06T20:51:00Z,1,61BBAD-14,GSM5227133,male,PBMC,SRP313659
SRR14151052,RNA-Seq,125,6793375000,PRJNA720088,SAMN18632294,2299167295,PBMC,GEO,public,"fastq,run.zq,sra","ncbi,s3,gs","s3.us-east-1,gs.us-east1,ncbi.public",14,exposed,SRX10519968,GSM5227133,Illumina NovaSeq 6000,SI-GA-B7,PAIRED,cDNA,TRANSCRIPTOMIC,Homo sapiens,61BBAD,ILLUMINA,2021-04-15T00:00:00Z,2021-04-06T19:52:00Z,1,61BBAD-14,GSM5227133,male,PBMC,SRP313659
SRR14151053,RNA-Seq,125,6707049500,PRJNA720088,SAMN18632294,2276291005,PBMC,GEO,public,"run.zq,sra,fastq","gs,ncbi,s3","s3.us-east-1,gs.us-east1,ncbi.public",14,exposed,SRX10519968,GSM5227133,Illumina NovaSeq 6000,SI-GA-B7,PAIRED,cDNA,TRANSCRIPTOMIC,Homo sapiens,61BBAD,ILLUMINA,2021-04-15T00:00:00Z,2021-04-06T20:30:00Z,1,61BBAD-14,GSM5227133,male,PBMC,SRP313659
SRR14151054,RNA-Seq,125,7559918000,PRJNA720088,SAMN18632293,2521079278,PBMC,GEO,public,"run.zq,sra,fastq","s3,gs,ncbi","gs.us-east1,ncbi.public,s3.us-east-1",0,healthy,SRX10519969,GSM5227134,Illumina NovaSeq 6000,SI-GA-E9,PAIRED,cDNA,TRANSCRIPTOMIC,Homo sapiens,655A91,ILLUMINA,2021-04-15T00:00:00Z,2021-04-06T22:10:00Z,1,655A91-00,GSM5227134,male,PBMC,SRP313659
SRR14151055,RNA-Seq,125,7139577750,PRJNA720088,SAMN18632293,2396704501,PBMC,GEO,public,"run.zq,fastq,sra","ncbi,gs,s3","ncbi.public,s3.us-east-1,gs.us-east1",0,healthy,SRX10519969,GSM5227134,Illumina NovaSeq 6000,SI-GA-E9,PAIRED,cDNA,TRANSCRIPTOMIC,Homo sapiens,655A91,ILLUMINA,2021-04-15T00:00:00Z,2021-04-06T21:40:00Z,1,655A91-00,GSM5227134,male,PBMC,SRP313659
SRR14151057,RNA-Seq,125,7192193250,PRJNA720088,SAMN18632293,2400744361,PBMC,GEO,public,"sra,fastq,run.zq","ncbi,s3,gs","gs.us-east1,ncbi.public,s3.us-east-1",0,healthy,SRX10519969,GSM5227134,Illumina NovaSeq 6000,SI-GA-E9,PAIRED,cDNA,TRANSCRIPTOMIC,Homo sapiens,655A91,ILLUMINA,2021-04-15T00:00:00Z,2021-04-07T00:47:00Z,1,655A91-00,GSM5227134,male,PBMC,SRP313659
SRR14151058,RNA-Seq,125,7179545750,PRJNA720088,SAMN18632292,2395632998,PBMC,GEO,public,"sra,fastq,run.zq","gs,s3,ncbi","ncbi.public,s3.us-east-1,gs.us-east1",0,infected,SRX10519970,GSM5227135,Illumina NovaSeq 6000,SI-GA-C7,PAIRED,cDNA,TRANSCRIPTOMIC,Homo sapiens,7085CA,ILLUMINA,2021-04-15T00:00:00Z,2021-04-07T00:10:00Z,1,7085CA-00,GSM5227135,male,PBMC,SRP313659
SRR14151060,RNA-Seq,125,6900605125,PRJNA720088,SAMN18632292,2299177743,PBMC,GEO,public,"sra,run.zq,fastq","ncbi,gs,s3","s3.us-east-1,gs.us-east1,ncbi.public",0,infected,SRX10519970,GSM5227135,Illumina NovaSeq 6000,SI-GA-C7,PAIRED,cDNA,TRANSCRIPTOMIC,Homo sapiens,7085CA,ILLUMINA,2021-04-15T00:00:00Z,2021-04-07T02:03:00Z,1,7085CA-00,GSM5227135,male,PBMC,SRP313659
SRR14151061,RNA-Seq,125,6827771625,PRJNA720088,SAMN18632292,2280645559,PBMC,GEO,public,"sra,fastq,run.zq","gs,s3,ncbi","ncbi.public,gs.us-east1,s3.us-east-1",0,infected,SRX10519970,GSM5227135,Illumina NovaSeq 6000,SI-GA-C7,PAIRED,cDNA,TRANSCRIPTOMIC,Homo sapiens,7085CA,ILLUMINA,2021-04-15T00:00:00Z,2021-04-07T01:49:00Z,1,7085CA-00,GSM5227135,male,PBMC,SRP313659
SRR14151062,RNA-Seq,125,7939864125,PRJNA720088,SAMN18632323,2657249372,PBMC,GEO,public,"run.zq,sra,fastq","s3,gs,ncbi","s3.us-east-1,gs.us-east1,ncbi.public",7,infected,SRX10519971,GSM5227136,Illumina NovaSeq 6000,SI-GA-C8,PAIRED,cDNA,TRANSCRIPTOMIC,Homo sapiens,7085CA,ILLUMINA,2021-04-15T00:00:00Z,2021-04-07T01:03:00Z,1,7085CA-07,GSM5227136,male,PBMC,SRP313659
SRR14151063,RNA-Seq,125,7488244375,PRJNA720088,SAMN18632323,2521746423,PBMC,GEO,public,"run.zq,fastq,sra","s3,gs,ncbi","ncbi.public,s3.us-east-1,gs.us-east1",7,infected,SRX10519971,GSM5227136,Illumina NovaSeq 6000,SI-GA-C8,PAIRED,cDNA,TRANSCRIPTOMIC,Homo sapiens,7085CA,ILLUMINA,2021-04-15T00:00:00Z,2021-04-07T00:05:00Z,1,7085CA-07,GSM5227136,male,PBMC,SRP313659
SRR14151064,RNA-Seq,125,7656785750,PRJNA720088,SAMN18632323,2557896290,PBMC,GEO,public,"run.zq,sra,fastq","ncbi,s3,gs","gs.us-east1,s3.us-east-1,ncbi.public",7,infected,SRX10519971,GSM5227136,Illumina NovaSeq 6000,SI-GA-C8,PAIRED,cDNA,TRANSCRIPTOMIC,Homo sapiens,7085CA,ILLUMINA,2021-04-15T00:00:00Z,2021-04-07T00:44:00Z,1,7085CA-07,GSM5227136,male,PBMC,SRP313659
SRR14151065,RNA-Seq,125,7573904375,PRJNA720088,SAMN18632323,2537070251,PBMC,GEO,public,"fastq,run.zq,sra","gs,ncbi,s3","gs.us-east1,s3.us-east-1,ncbi.public",7,infected,SRX10519971,GSM5227136,Illumina NovaSeq 6000,SI-GA-C8,PAIRED,cDNA,TRANSCRIPTOMIC,Homo sapiens,7085CA,ILLUMINA,2021-04-15T00:00:00Z,2021-04-07T00:19:00Z,1,7085CA-07,GSM5227136,male,PBMC,SRP313659
SRR14151066,RNA-Seq,125,7690124750,PRJNA720088,SAMN18632322,2569262931,PBMC,GEO,public,"fastq,sra,run.zq","gs,ncbi,s3","s3.us-east-1,ncbi.public,gs.us-east1",14,infected,SRX10519972,GSM5227137,Illumina NovaSeq 6000,SI-GA-C9,PAIRED,cDNA,TRANSCRIPTOMIC,Homo sapiens,7085CA,ILLUMINA,2021-04-15T00:00:00Z,2021-04-07T01:04:00Z,1,7085CA-14,GSM5227137,male,PBMC,SRP313659
SRR14151067,RNA-Seq,125,7268335500,PRJNA720088,SAMN18632322,2445096790,PBMC,GEO,public,"sra,run.zq,fastq","gs,ncbi,s3","gs.us-east1,ncbi.public,s3.us-east-1",14,infected,SRX10519972,GSM5227137,Illumina NovaSeq 6000,SI-GA-C9,PAIRED,cDNA,TRANSCRIPTOMIC,Homo sapiens,7085CA,ILLUMINA,2021-04-15T00:00:00Z,2021-04-07T00:16:00Z,1,7085CA-14,GSM5227137,male,PBMC,SRP313659
SRR14151069,RNA-Seq,125,7323700500,PRJNA720088,SAMN18632322,2448666367,PBMC,GEO,public,"run.zq,sra,fastq","ncbi,s3,gs","s3.us-east-1,gs.us-east1,ncbi.public",14,infected,SRX10519972,GSM5227137,Illumina NovaSeq 6000,SI-GA-C9,PAIRED,cDNA,TRANSCRIPTOMIC,Homo sapiens,7085CA,ILLUMINA,2021-04-15T00:00:00Z,2021-04-06T23:36:00Z,1,7085CA-14,GSM5227137,male,PBMC,SRP313659
SRR14151070,RNA-Seq,125,7282160000,PRJNA720088,SAMN18632321,2480669304,PBMC,GEO,public,"run.zq,sra,fastq","s3,ncbi,gs","gs.us-east1,s3.us-east-1,ncbi.public",2,exposed,SRX10519973,GSM5227138,Illumina NovaSeq 6000,SI-GA-C3,PAIRED,cDNA,TRANSCRIPTOMIC,Homo sapiens,7.77E+07,ILLUMINA,2021-04-15T00:00:00Z,2021-04-07T00:31:00Z,1,7768E4-02,GSM5227138,female,PBMC,SRP313659
SRR14151071,RNA-Seq,125,6847030625,PRJNA720088,SAMN18632321,2346627310,PBMC,GEO,public,"run.zq,fastq,sra","ncbi,s3,gs","s3.us-east-1,gs.us-east1,ncbi.public",2,exposed,SRX10519973,GSM5227138,Illumina NovaSeq 6000,SI-GA-C3,PAIRED,cDNA,TRANSCRIPTOMIC,Homo sapiens,7.77E+07,ILLUMINA,2021-04-15T00:00:00Z,2021-04-06T23:37:00Z,1,7768E4-02,GSM5227138,female,PBMC,SRP313659
SRR14151072,RNA-Seq,125,7022876000,PRJNA720088,SAMN18632321,2388035749,PBMC,GEO,public,"run.zq,sra,fastq","gs,ncbi,s3","ncbi.public,gs.us-east1,s3.us-east-1",2,exposed,SRX10519973,GSM5227138,Illumina NovaSeq 6000,SI-GA-C3,PAIRED,cDNA,TRANSCRIPTOMIC,Homo sapiens,7.77E+07,ILLUMINA,2021-04-15T00:00:00Z,2021-04-06T23:48:00Z,1,7768E4-02,GSM5227138,female,PBMC,SRP313659
SRR14151073,RNA-Seq,125,6939351250,PRJNA720088,SAMN18632321,2365872858,PBMC,GEO,public,"run.zq,fastq,sra","gs,s3,ncbi","gs.us-east1,s3.us-east-1,ncbi.public",2,exposed,SRX10519973,GSM5227138,Illumina NovaSeq 6000,SI-GA-C3,PAIRED,cDNA,TRANSCRIPTOMIC,Homo sapiens,7.77E+07,ILLUMINA,2021-04-15T00:00:00Z,2021-04-07T00:15:00Z,1,7768E4-02,GSM5227138,female,PBMC,SRP313659
SRR14151074,RNA-Seq,125,7247515750,PRJNA720088,SAMN18632320,2476682517,PBMC,GEO,public,"fastq,sra,run.zq","s3,gs,ncbi","gs.us-east1,ncbi.public,s3.us-east-1",14,exposed,SRX10519974,GSM5227139,Illumina NovaSeq 6000,SI-GA-C4,PAIRED,cDNA,TRANSCRIPTOMIC,Homo sapiens,7.77E+07,ILLUMINA,2021-04-15T00:00:00Z,2021-04-07T00:20:00Z,1,7768E4-14,GSM5227139,female,PBMC,SRP313659
SRR14151075,RNA-Seq,125,6788316500,PRJNA720088,SAMN18632320,2333439909,PBMC,GEO,public,"run.zq,fastq,sra","ncbi,gs,s3","s3.us-east-1,gs.us-east1,ncbi.public",14,exposed,SRX10519974,GSM5227139,Illumina NovaSeq 6000,SI-GA-C4,PAIRED,cDNA,TRANSCRIPTOMIC,Homo sapiens,7.77E+07,ILLUMINA,2021-04-15T00:00:00Z,2021-04-06T20:44:00Z,1,7768E4-14,GSM5227139,female,PBMC,SRP313659
SRR14151076,RNA-Seq,125,7024147250,PRJNA720088,SAMN18632320,2393215922,PBMC,GEO,public,"fastq,run.zq,sra","s3,gs,ncbi","gs.us-east1,ncbi.public,s3.us-east-1",14,exposed,SRX10519974,GSM5227139,Illumina NovaSeq 6000,SI-GA-C4,PAIRED,cDNA,TRANSCRIPTOMIC,Homo sapiens,7.77E+07,ILLUMINA,2021-04-15T00:00:00Z,2021-04-07T00:54:00Z,1,7768E4-14,GSM5227139,female,PBMC,SRP313659
SRR14151077,RNA-Seq,125,6933366500,PRJNA720088,SAMN18632320,2369314863,PBMC,GEO,public,"fastq,run.zq,sra","s3,gs,ncbi","gs.us-east1,ncbi.public,s3.us-east-1",14,exposed,SRX10519974,GSM5227139,Illumina NovaSeq 6000,SI-GA-C4,PAIRED,cDNA,TRANSCRIPTOMIC,Homo sapiens,7.77E+07,ILLUMINA,2021-04-15T00:00:00Z,2021-04-06T21:53:00Z,1,7768E4-14,GSM5227139,female,PBMC,SRP313659
SRR14151078,RNA-Seq,125,7463533375,PRJNA720088,SAMN18632319,2510292994,PBMC,GEO,public,"fastq,sra,run.zq","ncbi,gs,s3","gs.us-east1,ncbi.public,s3.us-east-1",28,exposed,SRX10519975,GSM5227140,Illumina NovaSeq 6000,SI-GA-C6,PAIRED,cDNA,TRANSCRIPTOMIC,Homo sapiens,7.77E+07,ILLUMINA,2021-04-15T00:00:00Z,2021-04-07T00:07:00Z,1,7768E4-28,GSM5227140,female,PBMC,SRP313659
SRR14151079,RNA-Seq,125,7020385500,PRJNA720088,SAMN18632319,2375653299,PBMC,GEO,public,"sra,fastq,run.zq","ncbi,s3,gs","ncbi.public,s3.us-east-1,gs.us-east1",28,exposed,SRX10519975,GSM5227140,Illumina NovaSeq 6000,SI-GA-C6,PAIRED,cDNA,TRANSCRIPTOMIC,Homo sapiens,7.77E+07,ILLUMINA,2021-04-15T00:00:00Z,2021-04-07T02:53:00Z,1,7768E4-28,GSM5227140,female,PBMC,SRP313659
SRR14151080,RNA-Seq,125,7219229875,PRJNA720088,SAMN18632319,2421908619,PBMC,GEO,public,"run.zq,fastq,sra","s3,ncbi,gs","gs.us-east1,ncbi.public,s3.us-east-1",28,exposed,SRX10519975,GSM5227140,Illumina NovaSeq 6000,SI-GA-C6,PAIRED,cDNA,TRANSCRIPTOMIC,Homo sapiens,7.77E+07,ILLUMINA,2021-04-15T00:00:00Z,2021-04-07T00:55:00Z,1,7768E4-28,GSM5227140,female,PBMC,SRP313659
SRR14151081,RNA-Seq,125,7128597625,PRJNA720088,SAMN18632319,2398145622,PBMC,GEO,public,"run.zq,fastq,sra","s3,gs,ncbi","s3.us-east-1,ncbi.public,gs.us-east1",28,exposed,SRX10519975,GSM5227140,Illumina NovaSeq 6000,SI-GA-C6,PAIRED,cDNA,TRANSCRIPTOMIC,Homo sapiens,7.77E+07,ILLUMINA,2021-04-15T00:00:00Z,2021-04-07T01:15:00Z,1,7768E4-28,GSM5227140,female,PBMC,SRP313659
SRR14151082,RNA-Seq,125,7768332000,PRJNA720088,SAMN18632318,2586996406,PBMC,GEO,public,"run.zq,fastq,sra","s3,ncbi,gs","s3.us-east-1,gs.us-east1,ncbi.public",0,healthy,SRX10519976,GSM5227141,Illumina NovaSeq 6000,SI-GA-F3,PAIRED,cDNA,TRANSCRIPTOMIC,Homo sapiens,77DA77,ILLUMINA,2021-04-15T00:00:00Z,2021-04-07T01:45:00Z,1,77DA77-00,GSM5227141,female,PBMC,SRP313659
SRR14151083,RNA-Seq,125,7330102625,PRJNA720088,SAMN18632318,2456687686,PBMC,GEO,public,"sra,run.zq,fastq","s3,gs,ncbi","ncbi.public,gs.us-east1,s3.us-east-1",0,healthy,SRX10519976,GSM5227141,Illumina NovaSeq 6000,SI-GA-F3,PAIRED,cDNA,TRANSCRIPTOMIC,Homo sapiens,77DA77,ILLUMINA,2021-04-15T00:00:00Z,2021-04-06T22:11:00Z,1,77DA77-00,GSM5227141,female,PBMC,SRP313659
SRR14151084,RNA-Seq,125,7462107750,PRJNA720088,SAMN18632318,2480966898,PBMC,GEO,public,"fastq,sra,run.zq","s3,gs,ncbi","gs.us-east1,s3.us-east-1,ncbi.public",0,healthy,SRX10519976,GSM5227141,Illumina NovaSeq 6000,SI-GA-F3,PAIRED,cDNA,TRANSCRIPTOMIC,Homo sapiens,77DA77,ILLUMINA,2021-04-15T00:00:00Z,2021-04-07T02:11:00Z,1,77DA77-00,GSM5227141,female,PBMC,SRP313659
SRR14151085,RNA-Seq,125,7390772250,PRJNA720088,SAMN18632318,2463709009,PBMC,GEO,public,"fastq,run.zq,sra","ncbi,s3,gs","ncbi.public,gs.us-east1,s3.us-east-1",0,healthy,SRX10519976,GSM5227141,Illumina NovaSeq 6000,SI-GA-F3,PAIRED,cDNA,TRANSCRIPTOMIC,Homo sapiens,77DA77,ILLUMINA,2021-04-15T00:00:00Z,2021-04-07T01:33:00Z,1,77DA77-00,GSM5227141,female,PBMC,SRP313659
SRR14151086,RNA-Seq,125,7708477125,PRJNA720088,SAMN18632317,2632006602,PBMC,GEO,public,"run.zq,sra,fastq","ncbi,gs,s3","s3.us-east-1,gs.us-east1,ncbi.public",0,exposed,SRX10519977,GSM5227142,Illumina NovaSeq 6000,SI-GA-E6,PAIRED,cDNA,TRANSCRIPTOMIC,Homo sapiens,80A16A,ILLUMINA,2021-04-15T00:00:00Z,2021-04-07T01:08:00Z,1,80A16A-00,GSM5227142,male,PBMC,SRP313659
SRR14151087,RNA-Seq,125,7231242625,PRJNA720088,SAMN18632317,2483528250,PBMC,GEO,public,"sra,fastq,run.zq","gs,ncbi,s3","gs.us-east1,ncbi.public,s3.us-east-1",0,exposed,SRX10519977,GSM5227142,Illumina NovaSeq 6000,SI-GA-E6,PAIRED,cDNA,TRANSCRIPTOMIC,Homo sapiens,80A16A,ILLUMINA,2021-04-15T00:00:00Z,2021-04-07T04:03:00Z,1,80A16A-00,GSM5227142,male,PBMC,SRP313659
SRR14151088,RNA-Seq,125,7483445625,PRJNA720088,SAMN18632317,2546470026,PBMC,GEO,public,"fastq,sra,run.zq","gs,ncbi,s3","ncbi.public,gs.us-east1,s3.us-east-1",0,exposed,SRX10519977,GSM5227142,Illumina NovaSeq 6000,SI-GA-E6,PAIRED,cDNA,TRANSCRIPTOMIC,Homo sapiens,80A16A,ILLUMINA,2021-04-15T00:00:00Z,2021-04-07T04:00:00Z,1,80A16A-00,GSM5227142,male,PBMC,SRP313659
SRR14151089,RNA-Seq,125,7381730250,PRJNA720088,SAMN18632317,2519447017,PBMC,GEO,public,"run.zq,fastq,sra","s3,ncbi,gs","s3.us-east-1,gs.us-east1,ncbi.public",0,exposed,SRX10519977,GSM5227142,Illumina NovaSeq 6000,SI-GA-E6,PAIRED,cDNA,TRANSCRIPTOMIC,Homo sapiens,80A16A,ILLUMINA,2021-04-15T00:00:00Z,2021-04-07T01:46:00Z,1,80A16A-00,GSM5227142,male,PBMC,SRP313659
SRR14151090,RNA-Seq,125,8053859000,PRJNA720088,SAMN18632316,2711080651,PBMC,GEO,public,"fastq,sra,run.zq","gs,s3,ncbi","s3.us-east-1,gs.us-east1,ncbi.public",14,exposed,SRX10519978,GSM5227143,Illumina NovaSeq 6000,SI-GA-E7,PAIRED,cDNA,TRANSCRIPTOMIC,Homo sapiens,80A16A,ILLUMINA,2021-04-15T00:00:00Z,2021-04-07T01:13:00Z,1,80A16A-14,GSM5227143,male,PBMC,SRP313659
SRR14151091,RNA-Seq,125,7572651375,PRJNA720088,SAMN18632316,2564826994,PBMC,GEO,public,"run.zq,fastq,sra","gs,s3,ncbi","ncbi.public,gs.us-east1,s3.us-east-1",14,exposed,SRX10519978,GSM5227143,Illumina NovaSeq 6000,SI-GA-E7,PAIRED,cDNA,TRANSCRIPTOMIC,Homo sapiens,80A16A,ILLUMINA,2021-04-15T00:00:00Z,2021-04-07T02:02:00Z,1,80A16A-14,GSM5227143,male,PBMC,SRP313659
SRR14151092,RNA-Seq,125,7751069250,PRJNA720088,SAMN18632316,2602779917,PBMC,GEO,public,"sra,run.zq,fastq","gs,s3,ncbi","gs.us-east1,ncbi.public,s3.us-east-1",14,exposed,SRX10519978,GSM5227143,Illumina NovaSeq 6000,SI-GA-E7,PAIRED,cDNA,TRANSCRIPTOMIC,Homo sapiens,80A16A,ILLUMINA,2021-04-15T00:00:00Z,2021-04-06T23:32:00Z,1,80A16A-14,GSM5227143,male,PBMC,SRP313659
SRR14151093,RNA-Seq,125,7672678000,PRJNA720088,SAMN18632316,2583585863,PBMC,GEO,public,"run.zq,fastq,sra","s3,gs,ncbi","gs.us-east1,ncbi.public,s3.us-east-1",14,exposed,SRX10519978,GSM5227143,Illumina NovaSeq 6000,SI-GA-E7,PAIRED,cDNA,TRANSCRIPTOMIC,Homo sapiens,80A16A,ILLUMINA,2021-04-15T00:00:00Z,2021-04-06T23:16:00Z,1,80A16A-14,GSM5227143,male,PBMC,SRP313659
SRR14151094,RNA-Seq,125,7760268250,PRJNA720088,SAMN18632315,2613240730,PBMC,GEO,public,"fastq,run.zq,sra","gs,ncbi,s3","ncbi.public,s3.us-east-1,gs.us-east1",0,infected,SRX10519979,GSM5227144,Illumina NovaSeq 6000,SI-GA-E1,PAIRED,cDNA,TRANSCRIPTOMIC,Homo sapiens,82CCF5,ILLUMINA,2021-04-15T00:00:00Z,2021-04-07T01:37:00Z,1,82CCF5-00,GSM5227144,female,PBMC,SRP313659
SRR14151095,RNA-Seq,125,7301624375,PRJNA720088,SAMN18632315,2476021652,PBMC,GEO,public,"run.zq,fastq,sra","ncbi,s3,gs","ncbi.public,gs.us-east1,s3.us-east-1",0,infected,SRX10519979,GSM5227144,Illumina NovaSeq 6000,SI-GA-E1,PAIRED,cDNA,TRANSCRIPTOMIC,Homo sapiens,82CCF5,ILLUMINA,2021-04-15T00:00:00Z,2021-04-07T03:36:00Z,1,82CCF5-00,GSM5227144,female,PBMC,SRP313659
SRR14151096,RNA-Seq,125,7514415875,PRJNA720088,SAMN18632315,2523541701,PBMC,GEO,public,"run.zq,sra,fastq","ncbi,s3,gs","gs.us-east1,s3.us-east-1,ncbi.public",0,infected,SRX10519979,GSM5227144,Illumina NovaSeq 6000,SI-GA-E1,PAIRED,cDNA,TRANSCRIPTOMIC,Homo sapiens,82CCF5,ILLUMINA,2021-04-15T00:00:00Z,2021-04-07T01:29:00Z,1,82CCF5-00,GSM5227144,female,PBMC,SRP313659
SRR14151097,RNA-Seq,125,7423181000,PRJNA720088,SAMN18632315,2500798592,PBMC,GEO,public,"sra,fastq,run.zq","s3,gs,ncbi","ncbi.public,gs.us-east1,s3.us-east-1",0,infected,SRX10519979,GSM5227144,Illumina NovaSeq 6000,SI-GA-E1,PAIRED,cDNA,TRANSCRIPTOMIC,Homo sapiens,82CCF5,ILLUMINA,2021-04-15T00:00:00Z,2021-04-07T03:00:00Z,1,82CCF5-00,GSM5227144,female,PBMC,SRP313659
SRR14151098,RNA-Seq,125,7823119375,PRJNA720088,SAMN18632314,2603596211,PBMC,GEO,public,"run.zq,sra,fastq","s3,gs,ncbi","gs.us-east1,s3.us-east-1,ncbi.public",7,infected,SRX10519980,GSM5227145,Illumina NovaSeq 6000,SI-GA-E2,PAIRED,cDNA,TRANSCRIPTOMIC,Homo sapiens,82CCF5,ILLUMINA,2021-04-15T00:00:00Z,2021-04-07T16:45:00Z,1,82CCF5-07,GSM5227145,female,PBMC,SRP313659
SRR14151099,RNA-Seq,125,7384742125,PRJNA720088,SAMN18632314,2474815325,PBMC,GEO,public,"run.zq,fastq,sra","s3,gs,ncbi","gs.us-east1,s3.us-east-1,ncbi.public",7,infected,SRX10519980,GSM5227145,Illumina NovaSeq 6000,SI-GA-E2,PAIRED,cDNA,TRANSCRIPTOMIC,Homo sapiens,82CCF5,ILLUMINA,2021-04-15T00:00:00Z,2021-04-07T02:43:00Z,1,82CCF5-07,GSM5227145,female,PBMC,SRP313659
SRR14151100,RNA-Seq,125,7536255250,PRJNA720088,SAMN18632314,2503402719,PBMC,GEO,public,"sra,fastq,run.zq","s3,ncbi,gs","ncbi.public,s3.us-east-1,gs.us-east1",7,infected,SRX10519980,GSM5227145,Illumina NovaSeq 6000,SI-GA-E2,PAIRED,cDNA,TRANSCRIPTOMIC,Homo sapiens,82CCF5,ILLUMINA,2021-04-15T00:00:00Z,2021-04-07T03:00:00Z,1,82CCF5-07,GSM5227145,female,PBMC,SRP313659
SRR14151101,RNA-Seq,125,7459429500,PRJNA720088,SAMN18632314,2485057239,PBMC,GEO,public,"fastq,sra,run.zq","gs,ncbi,s3","gs.us-east1,ncbi.public,s3.us-east-1",7,infected,SRX10519980,GSM5227145,Illumina NovaSeq 6000,SI-GA-E2,PAIRED,cDNA,TRANSCRIPTOMIC,Homo sapiens,82CCF5,ILLUMINA,2021-04-15T00:00:00Z,2021-04-06T23:32:00Z,1,82CCF5-07,GSM5227145,female,PBMC,SRP313659
SRR14151102,RNA-Seq,125,7470953500,PRJNA720088,SAMN18632313,2521969666,PBMC,GEO,public,"fastq,sra,run.zq","s3,ncbi,gs","gs.us-east1,ncbi.public,s3.us-east-1",14,infected,SRX10519981,GSM5227146,Illumina NovaSeq 6000,SI-GA-E3,PAIRED,cDNA,TRANSCRIPTOMIC,Homo sapiens,82CCF5,ILLUMINA,2021-04-15T00:00:00Z,2021-04-07T01:54:00Z,1,82CCF5-14,GSM5227146,female,PBMC,SRP313659
SRR14151103,RNA-Seq,125,7014730500,PRJNA720088,SAMN18632313,2383605536,PBMC,GEO,public,"run.zq,fastq,sra","ncbi,s3,gs","ncbi.public,s3.us-east-1,gs.us-east1",14,infected,SRX10519981,GSM5227146,Illumina NovaSeq 6000,SI-GA-E3,PAIRED,cDNA,TRANSCRIPTOMIC,Homo sapiens,82CCF5,ILLUMINA,2021-04-15T00:00:00Z,2021-04-07T01:47:00Z,1,82CCF5-14,GSM5227146,female,PBMC,SRP313659
SRR14151104,RNA-Seq,125,7239471375,PRJNA720088,SAMN18632313,2435402311,PBMC,GEO,public,"run.zq,sra,fastq","s3,ncbi,gs","gs.us-east1,s3.us-east-1,ncbi.public",14,infected,SRX10519981,GSM5227146,Illumina NovaSeq 6000,SI-GA-E3,PAIRED,cDNA,TRANSCRIPTOMIC,Homo sapiens,82CCF5,ILLUMINA,2021-04-15T00:00:00Z,2021-04-06T23:36:00Z,1,82CCF5-14,GSM5227146,female,PBMC,SRP313659
SRR14151105,RNA-Seq,125,7144443750,PRJNA720088,SAMN18632313,2411355413,PBMC,GEO,public,"sra,run.zq,fastq","gs,ncbi,s3","s3.us-east-1,gs.us-east1,ncbi.public",14,infected,SRX10519981,GSM5227146,Illumina NovaSeq 6000,SI-GA-E3,PAIRED,cDNA,TRANSCRIPTOMIC,Homo sapiens,82CCF5,ILLUMINA,2021-04-15T00:00:00Z,2021-04-07T03:12:00Z,1,82CCF5-14,GSM5227146,female,PBMC,SRP313659
SRR14151106,RNA-Seq,125,7544677875,PRJNA720088,SAMN18632312,2529534663,PBMC,GEO,public,"sra,fastq,run.zq","s3,ncbi,gs","gs.us-east1,s3.us-east-1,ncbi.public",0,hospitalized,SRX10519982,GSM5227147,Illumina NovaSeq 6000,SI-GA-F6,PAIRED,cDNA,TRANSCRIPTOMIC,Homo sapiens,936128,ILLUMINA,2021-04-15T00:00:00Z,2021-04-07T03:14:00Z,1,936128-00,GSM5227147,male,PBMC,SRP313659
SRR14151107,RNA-Seq,125,7090622000,PRJNA720088,SAMN18632312,2393809596,PBMC,GEO,public,"sra,fastq,run.zq","s3,gs,ncbi","gs.us-east1,s3.us-east-1,ncbi.public",0,hospitalized,SRX10519982,GSM5227147,Illumina NovaSeq 6000,SI-GA-F6,PAIRED,cDNA,TRANSCRIPTOMIC,Homo sapiens,936128,ILLUMINA,2021-04-15T00:00:00Z,2021-04-07T03:00:00Z,1,936128-00,GSM5227147,male,PBMC,SRP313659
SRR14151108,RNA-Seq,125,7304393625,PRJNA720088,SAMN18632312,2442565648,PBMC,GEO,public,"fastq,run.zq,sra","gs,s3,ncbi","gs.us-east1,ncbi.public,s3.us-east-1",0,hospitalized,SRX10519982,GSM5227147,Illumina NovaSeq 6000,SI-GA-F6,PAIRED,cDNA,TRANSCRIPTOMIC,Homo sapiens,936128,ILLUMINA,2021-04-15T00:00:00Z,2021-04-07T02:55:00Z,1,936128-00,GSM5227147,male,PBMC,SRP313659
SRR14151109,RNA-Seq,125,7211250375,PRJNA720088,SAMN18632312,2418930077,PBMC,GEO,public,"sra,run.zq,fastq","s3,gs,ncbi","gs.us-east1,s3.us-east-1,ncbi.public",0,hospitalized,SRX10519982,GSM5227147,Illumina NovaSeq 6000,SI-GA-F6,PAIRED,cDNA,TRANSCRIPTOMIC,Homo sapiens,936128,ILLUMINA,2021-04-15T00:00:00Z,2021-04-07T01:38:00Z,1,936128-00,GSM5227147,male,PBMC,SRP313659
SRR14151110,RNA-Seq,125,7642228250,PRJNA720088,SAMN18632311,2576694378,PBMC,GEO,public,"run.zq,fastq,sra","s3,ncbi,gs","ncbi.public,s3.us-east-1,gs.us-east1",0,healthy,SRX10519983,GSM5227148,Illumina NovaSeq 6000,SI-GA-F4,PAIRED,cDNA,TRANSCRIPTOMIC,Homo sapiens,94D44E,ILLUMINA,2021-04-15T00:00:00Z,2021-04-07T03:55:00Z,1,94D44E-00,GSM5227148,female,PBMC,SRP313659
SRR14151111,RNA-Seq,125,7158845875,PRJNA720088,SAMN18632311,2430854679,PBMC,GEO,public,"run.zq,fastq,sra","gs,ncbi,s3","ncbi.public,s3.us-east-1,gs.us-east1",0,healthy,SRX10519983,GSM5227148,Illumina NovaSeq 6000,SI-GA-F4,PAIRED,cDNA,TRANSCRIPTOMIC,Homo sapiens,94D44E,ILLUMINA,2021-04-15T00:00:00Z,2021-04-07T03:26:00Z,1,94D44E-00,GSM5227148,female,PBMC,SRP313659
SRR14151112,RNA-Seq,125,7434198500,PRJNA720088,SAMN18632311,2499013037,PBMC,GEO,public,"sra,run.zq,fastq","ncbi,s3,gs","gs.us-east1,s3.us-east-1,ncbi.public",0,healthy,SRX10519983,GSM5227148,Illumina NovaSeq 6000,SI-GA-F4,PAIRED,cDNA,TRANSCRIPTOMIC,Homo sapiens,94D44E,ILLUMINA,2021-04-15T00:00:00Z,2021-04-07T03:40:00Z,1,94D44E-00,GSM5227148,female,PBMC,SRP313659
SRR14151113,RNA-Seq,125,7325716250,PRJNA720088,SAMN18632311,2470818953,PBMC,GEO,public,"fastq,sra,run.zq","s3,ncbi,gs","gs.us-east1,ncbi.public,s3.us-east-1",0,healthy,SRX10519983,GSM5227148,Illumina NovaSeq 6000,SI-GA-F4,PAIRED,cDNA,TRANSCRIPTOMIC,Homo sapiens,94D44E,ILLUMINA,2021-04-15T00:00:00Z,2021-04-07T02:15:00Z,1,94D44E-00,GSM5227148,female,PBMC,SRP313659
SRR14151114,RNA-Seq,125,7925615250,PRJNA720088,SAMN18632310,2827402746,PBMC,GEO,public,"fastq,sra,run.zq","gs,ncbi,s3","s3.us-east-1,gs.us-east1,ncbi.public",0,infected,SRX10519984,GSM5227149,Illumina NovaSeq 6000,SI-GA-C1,PAIRED,cDNA,TRANSCRIPTOMIC,Homo sapiens,B85D75,ILLUMINA,2021-04-15T00:00:00Z,2021-04-07T00:56:00Z,1,B85D75-00,GSM5227149,female,PBMC,SRP313659
SRR14151115,RNA-Seq,125,7475670500,PRJNA720088,SAMN18632310,2682657848,PBMC,GEO,public,"sra,run.zq,fastq","s3,ncbi,gs","s3.us-east-1,gs.us-east1,ncbi.public",0,infected,SRX10519984,GSM5227149,Illumina NovaSeq 6000,SI-GA-C1,PAIRED,cDNA,TRANSCRIPTOMIC,Homo sapiens,B85D75,ILLUMINA,2021-04-15T00:00:00Z,2021-04-07T02:24:00Z,1,B85D75-00,GSM5227149,female,PBMC,SRP313659
SRR14151116,RNA-Seq,125,7679694000,PRJNA720088,SAMN18632310,2735028265,PBMC,GEO,public,"fastq,sra,run.zq","gs,ncbi,s3","ncbi.public,s3.us-east-1,gs.us-east1",0,infected,SRX10519984,GSM5227149,Illumina NovaSeq 6000,SI-GA-C1,PAIRED,cDNA,TRANSCRIPTOMIC,Homo sapiens,B85D75,ILLUMINA,2021-04-15T00:00:00Z,2021-04-07T04:14:00Z,1,B85D75-00,GSM5227149,female,PBMC,SRP313659
SRR14151117,RNA-Seq,125,7574976250,PRJNA720088,SAMN18632310,2704706091,PBMC,GEO,public,"run.zq,fastq,sra","ncbi,gs,s3","ncbi.public,gs.us-east1,s3.us-east-1",0,infected,SRX10519984,GSM5227149,Illumina NovaSeq 6000,SI-GA-C1,PAIRED,cDNA,TRANSCRIPTOMIC,Homo sapiens,B85D75,ILLUMINA,2021-04-15T00:00:00Z,2021-04-07T03:55:00Z,1,B85D75-00,GSM5227149,female,PBMC,SRP313659
SRR14151118,RNA-Seq,125,7120292250,PRJNA720088,SAMN18632330,2545630681,PBMC,GEO,public,"run.zq,fastq,sra","ncbi,s3,gs","s3.us-east-1,ncbi.public,gs.us-east1",7,infected,SRX10519985,GSM5227150,Illumina NovaSeq 6000,SI-GA-C2,PAIRED,cDNA,TRANSCRIPTOMIC,Homo sapiens,B85D75,ILLUMINA,2021-04-15T00:00:00Z,2021-04-07T01:12:00Z,1,B85D75-07,GSM5227150,female,PBMC,SRP313659
SRR14151119,RNA-Seq,125,6674459500,PRJNA720088,SAMN18632330,2399149687,PBMC,GEO,public,"run.zq,fastq,sra","gs,s3,ncbi","s3.us-east-1,ncbi.public,gs.us-east1",7,infected,SRX10519985,GSM5227150,Illumina NovaSeq 6000,SI-GA-C2,PAIRED,cDNA,TRANSCRIPTOMIC,Homo sapiens,B85D75,ILLUMINA,2021-04-15T00:00:00Z,2021-04-07T02:16:00Z,1,B85D75-07,GSM5227150,female,PBMC,SRP313659
SRR14151120,RNA-Seq,125,6943594250,PRJNA720088,SAMN18632330,2476012285,PBMC,GEO,public,"run.zq,sra,fastq","ncbi,s3,gs","gs.us-east1,ncbi.public,s3.us-east-1",7,infected,SRX10519985,GSM5227150,Illumina NovaSeq 6000,SI-GA-C2,PAIRED,cDNA,TRANSCRIPTOMIC,Homo sapiens,B85D75,ILLUMINA,2021-04-15T00:00:00Z,2021-04-07T03:10:00Z,1,B85D75-07,GSM5227150,female,PBMC,SRP313659
SRR14151121,RNA-Seq,125,6833123375,PRJNA720088,SAMN18632330,2442813452,PBMC,GEO,public,"run.zq,sra,fastq","gs,s3,ncbi","ncbi.public,gs.us-east1,s3.us-east-1",7,infected,SRX10519985,GSM5227150,Illumina NovaSeq 6000,SI-GA-C2,PAIRED,cDNA,TRANSCRIPTOMIC,Homo sapiens,B85D75,ILLUMINA,2021-04-15T00:00:00Z,2021-04-07T03:13:00Z,1,B85D75-07,GSM5227150,female,PBMC,SRP313659
SRR14151122,RNA-Seq,125,7368397875,PRJNA720088,SAMN18632329,2475401116,PBMC,GEO,public,"run.zq,fastq,sra","s3,ncbi,gs","gs.us-east1,s3.us-east-1,ncbi.public",0,infected,SRX10519986,GSM5227151,Illumina NovaSeq 6000,SI-GA-D4,PAIRED,cDNA,TRANSCRIPTOMIC,Homo sapiens,BAAF62,ILLUMINA,2021-04-15T00:00:00Z,2021-04-07T00:40:00Z,1,BAAF62-00,GSM5227151,male,PBMC,SRP313659
SRR14151123,RNA-Seq,125,6929923875,PRJNA720088,SAMN18632329,2344833461,PBMC,GEO,public,"sra,fastq,run.zq","s3,gs,ncbi","ncbi.public,gs.us-east1,s3.us-east-1",0,infected,SRX10519986,GSM5227151,Illumina NovaSeq 6000,SI-GA-D4,PAIRED,cDNA,TRANSCRIPTOMIC,Homo sapiens,BAAF62,ILLUMINA,2021-04-15T00:00:00Z,2021-04-07T03:41:00Z,1,BAAF62-00,GSM5227151,male,PBMC,SRP313659
SRR14151124,RNA-Seq,125,7142825250,PRJNA720088,SAMN18632329,2393483387,PBMC,GEO,public,"run.zq,sra,fastq","gs,ncbi,s3","gs.us-east1,s3.us-east-1,ncbi.public",0,infected,SRX10519986,GSM5227151,Illumina NovaSeq 6000,SI-GA-D4,PAIRED,cDNA,TRANSCRIPTOMIC,Homo sapiens,BAAF62,ILLUMINA,2021-04-15T00:00:00Z,2021-04-07T03:43:00Z,1,BAAF62-00,GSM5227151,male,PBMC,SRP313659
SRR14151125,RNA-Seq,125,7046510625,PRJNA720088,SAMN18632329,2368794932,PBMC,GEO,public,"run.zq,fastq,sra","ncbi,s3,gs","ncbi.public,gs.us-east1,s3.us-east-1",0,infected,SRX10519986,GSM5227151,Illumina NovaSeq 6000,SI-GA-D4,PAIRED,cDNA,TRANSCRIPTOMIC,Homo sapiens,BAAF62,ILLUMINA,2021-04-15T00:00:00Z,2021-04-07T03:45:00Z,1,BAAF62-00,GSM5227151,male,PBMC,SRP313659
SRR14151126,RNA-Seq,125,7420031750,PRJNA720088,SAMN18632328,2483321418,PBMC,GEO,public,"sra,fastq,run.zq","ncbi,gs,s3","ncbi.public,gs.us-east1,s3.us-east-1",7,infected,SRX10519987,GSM5227152,Illumina NovaSeq 6000,SI-GA-D5,PAIRED,cDNA,TRANSCRIPTOMIC,Homo sapiens,BAAF62,ILLUMINA,2021-04-15T00:00:00Z,2021-04-07T04:27:00Z,1,BAAF62-07,GSM5227152,male,PBMC,SRP313659
SRR14151127,RNA-Seq,125,6988504000,PRJNA720088,SAMN18632328,2355307951,PBMC,GEO,public,"run.zq,sra,fastq","ncbi,s3,gs","ncbi.public,gs.us-east1,s3.us-east-1",7,infected,SRX10519987,GSM5227152,Illumina NovaSeq 6000,SI-GA-D5,PAIRED,cDNA,TRANSCRIPTOMIC,Homo sapiens,BAAF62,ILLUMINA,2021-04-15T00:00:00Z,2021-04-07T02:29:00Z,1,BAAF62-07,GSM5227152,male,PBMC,SRP313659
SRR14151128,RNA-Seq,125,7181070125,PRJNA720088,SAMN18632328,2397830509,PBMC,GEO,public,"fastq,sra,run.zq","ncbi,gs,s3","s3.us-east-1,gs.us-east1,ncbi.public",7,infected,SRX10519987,GSM5227152,Illumina NovaSeq 6000,SI-GA-D5,PAIRED,cDNA,TRANSCRIPTOMIC,Homo sapiens,BAAF62,ILLUMINA,2021-04-15T00:00:00Z,2021-04-07T04:13:00Z,1,BAAF62-07,GSM5227152,male,PBMC,SRP313659
SRR14151129,RNA-Seq,125,7094360625,PRJNA720088,SAMN18632328,2376554399,PBMC,GEO,public,"sra,run.zq,fastq","gs,ncbi,s3","gs.us-east1,s3.us-east-1,ncbi.public",7,infected,SRX10519987,GSM5227152,Illumina NovaSeq 6000,SI-GA-D5,PAIRED,cDNA,TRANSCRIPTOMIC,Homo sapiens,BAAF62,ILLUMINA,2021-04-15T00:00:00Z,2021-04-07T00:33:00Z,1,BAAF62-07,GSM5227152,male,PBMC,SRP313659
SRR14151130,RNA-Seq,125,7439281125,PRJNA720088,SAMN18632327,2546237839,PBMC,GEO,public,"run.zq,sra,fastq","s3,gs,ncbi","gs.us-east1,s3.us-east-1,ncbi.public",14,infected,SRX10519988,GSM5227153,Illumina NovaSeq 6000,SI-GA-D7,PAIRED,cDNA,TRANSCRIPTOMIC,Homo sapiens,BAAF62,ILLUMINA,2021-04-15T00:00:00Z,2021-04-07T04:42:00Z,1,BAAF62-14,GSM5227153,female,PBMC,SRP313659
SRR14151131,RNA-Seq,125,6938868375,PRJNA720088,SAMN18632327,2388940493,PBMC,GEO,public,"run.zq,sra,fastq","gs,ncbi,s3","s3.us-east-1,ncbi.public,gs.us-east1",14,infected,SRX10519988,GSM5227153,Illumina NovaSeq 6000,SI-GA-D7,PAIRED,cDNA,TRANSCRIPTOMIC,Homo sapiens,BAAF62,ILLUMINA,2021-04-15T00:00:00Z,2021-04-07T00:56:00Z,1,BAAF62-14,GSM5227153,female,PBMC,SRP313659
SRR14151132,RNA-Seq,125,7234182125,PRJNA720088,SAMN18632327,2467324151,PBMC,GEO,public,"fastq,run.zq,sra","ncbi,gs,s3","ncbi.public,gs.us-east1,s3.us-east-1",14,infected,SRX10519988,GSM5227153,Illumina NovaSeq 6000,SI-GA-D7,PAIRED,cDNA,TRANSCRIPTOMIC,Homo sapiens,BAAF62,ILLUMINA,2021-04-15T00:00:00Z,2021-04-07T01:44:00Z,1,BAAF62-14,GSM5227153,female,PBMC,SRP313659
SRR14151133,RNA-Seq,125,7120545875,PRJNA720088,SAMN18632327,2436253139,PBMC,GEO,public,"sra,run.zq,fastq","gs,s3,ncbi","ncbi.public,gs.us-east1,s3.us-east-1",14,infected,SRX10519988,GSM5227153,Illumina NovaSeq 6000,SI-GA-D7,PAIRED,cDNA,TRANSCRIPTOMIC,Homo sapiens,BAAF62,ILLUMINA,2021-04-15T00:00:00Z,2021-04-07T00:55:00Z,1,BAAF62-14,GSM5227153,female,PBMC,SRP313659
SRR14151134,RNA-Seq,125,7749913750,PRJNA720088,SAMN18632326,2588633033,PBMC,GEO,public,"run.zq,sra,fastq","gs,ncbi,s3","gs.us-east1,s3.us-east-1,ncbi.public",0,hospitalized,SRX10519989,GSM5227154,Illumina NovaSeq 6000,SI-GA-B8,PAIRED,cDNA,TRANSCRIPTOMIC,Homo sapiens,EB057C,ILLUMINA,2021-04-15T00:00:00Z,2021-04-07T03:12:00Z,1,EB057C-00,GSM5227154,male,PBMC,SRP313659
SRR14151135,RNA-Seq,125,7266540875,PRJNA720088,SAMN18632326,2445694468,PBMC,GEO,public,"sra,fastq,run.zq","ncbi,s3,gs","ncbi.public,s3.us-east-1,gs.us-east1",0,hospitalized,SRX10519989,GSM5227154,Illumina NovaSeq 6000,SI-GA-B8,PAIRED,cDNA,TRANSCRIPTOMIC,Homo sapiens,EB057C,ILLUMINA,2021-04-15T00:00:00Z,2021-04-07T03:34:00Z,1,EB057C-00,GSM5227154,male,PBMC,SRP313659
SRR14151136,RNA-Seq,125,7427868625,PRJNA720088,SAMN18632326,2475790275,PBMC,GEO,public,"sra,fastq,run.zq","gs,s3,ncbi","gs.us-east1,s3.us-east-1,ncbi.public",0,hospitalized,SRX10519989,GSM5227154,Illumina NovaSeq 6000,SI-GA-B8,PAIRED,cDNA,TRANSCRIPTOMIC,Homo sapiens,EB057C,ILLUMINA,2021-04-15T00:00:00Z,2021-04-07T04:41:00Z,1,EB057C-00,GSM5227154,male,PBMC,SRP313659
SRR14151137,RNA-Seq,125,7360849500,PRJNA720088,SAMN18632326,2461075638,PBMC,GEO,public,"sra,fastq,run.zq","gs,s3,ncbi","ncbi.public,s3.us-east-1,gs.us-east1",0,hospitalized,SRX10519989,GSM5227154,Illumina NovaSeq 6000,SI-GA-B8,PAIRED,cDNA,TRANSCRIPTOMIC,Homo sapiens,EB057C,ILLUMINA,2021-04-15T00:00:00Z,2021-04-07T03:44:00Z,1,EB057C-00,GSM5227154,male,PBMC,SRP313659
